source_format,target_country,issue_date,currency,subtotal,tax_rate,tax_amount,total_amount,seller_vat,buyer_vat,payment_reference,delivery_date,target_format,syntax,line_item_structure,supports_credit_note,max_line_items,expected_tax,tax_difference,currency_supported,line_item_count,total_quantity,avg_item_price,has_negative_price,seller_vat_missing,buyer_vat_missing,payment_reference_missing,delivery_date_missing,missing_required_count
2,1,54,0,2227.12,0.21,501.97,2694.82,565,0,0,0,0,1,0,1,100,467.7,34.27,1,0,0,0.0,0,0,0,0,0,0
5,0,53,0,1020.58,0.2,237.01,1224.7,530,796,0,0,1,1,1,1,50,204.12,32.89,1,0,0,0.0,0,0,0,0,0,0
3,5,33,3,940.46,0.19,178.69,1119.15,340,1006,0,0,3,1,0,1,50,178.69,0.0,1,0,0,0.0,0,0,0,0,0,0
0,1,0,0,3197.63,0.07,223.83,3421.46,771,519,1720,0,0,1,0,1,100,223.83,0.0,1,0,0,0.0,0,0,0,0,0,1
3,4,0,0,3400.62,0.05,170.03,3570.65,0,0,0,0,1,1,1,1,50,170.03,0.0,1,1,1,3400.62,0,0,0,0,0,1
5,3,3,2,4480.45,0.05,224.02,4704.47,1110,305,1391,0,2,1,1,1,100,224.02,0.0,1,1,1,4480.45,0,0,0,0,0,0
0,4,12,0,1472.1,0.05,73.61,1545.71,318,989,0,0,1,1,1,1,50,73.6,0.01,1,0,0,0.0,0,0,0,0,0,0
2,3,51,2,3079.7,0.2,615.94,3695.64,668,862,1287,0,2,1,1,1,100,615.94,0.0,1,1,1,3079.7,0,0,0,0,0,0
1,1,29,0,4545.76,0.05,227.29,4773.05,710,658,0,0,0,1,0,1,100,227.29,0.0,1,0,0,0.0,0,0,0,0,0,0
1,4,29,0,4699.64,0.07,328.97,5028.61,329,145,1098,0,1,1,1,1,50,328.97,0.0,1,1,1,4699.64,0,0,0,0,0,0
5,1,31,0,2049.4,0.2,409.88,2459.28,624,230,1745,0,0,1,0,1,100,409.88,0.0,1,0,0,0.0,0,0,0,0,0,0
3,4,30,0,-2831.34,0.05,-141.57,-2972.91,632,0,490,0,1,1,1,1,50,-141.57,0.0,1,0,0,0.0,0,0,1,0,0,1
5,0,21,0,1164.06,0.21,268.28,1408.51,925,543,0,0,1,1,1,1,50,244.45,23.83,1,1,1,1164.06,0,0,0,0,0,0
2,0,32,0,3219.28,0.21,676.05,3895.33,575,370,0,0,1,1,1,1,50,676.05,0.0,1,1,1,3219.28,0,0,0,0,0,0
6,5,6,3,2418.46,0.07,169.29,2587.75,0,327,0,0,3,1,0,1,50,169.29,0.0,1,0,0,0.0,0,0,0,0,0,0
6,3,50,2,4602.9,0.21,966.61,5569.51,52,83,0,0,2,1,1,1,100,966.61,0.0,1,1,1,4602.9,0,0,0,0,0,0
3,4,8,0,3372.99,0.05,217.97,3541.64,787,0,0,0,1,1,1,1,50,168.65,49.32,1,0,0,0.0,0,0,1,0,0,1
3,5,47,3,324.7,0.19,61.69,386.39,217,625,0,0,3,1,0,1,50,61.69,0.0,1,0,0,0.0,0,0,0,0,0,0
7,4,22,0,1130.3,0.07,79.12,1209.42,1087,0,0,0,1,1,1,1,50,79.12,0.0,1,0,0,0.0,0,0,0,0,0,0
1,4,34,0,3183.33,0.07,222.83,3406.16,1042,0,2437,0,1,1,1,1,50,222.83,0.0,1,1,1,3183.33,0,0,1,0,0,1
1,3,53,2,4616.53,0.19,877.14,5493.67,120,165,0,0,2,1,1,1,100,877.14,0.0,1,1,1,4616.53,0,0,0,0,0,0
2,4,22,0,1168.43,0.05,58.42,1226.85,673,22,215,0,1,1,1,1,50,58.42,0.0,1,1,1,1168.43,0,0,0,0,0,0
1,5,3,3,3262.4,0.2,652.48,3914.88,517,0,0,0,3,1,0,1,50,652.48,0.0,1,0,0,0.0,0,0,0,0,0,0
3,1,30,0,2449.23,0.21,514.34,2963.57,308,241,0,0,0,1,0,1,100,514.34,0.0,1,1,1,2449.23,0,0,0,0,0,0
4,5,18,3,3587.52,0.2,717.5,4305.02,436,723,0,0,3,1,0,1,50,717.5,0.0,1,0,0,0.0,0,0,0,0,0,0
0,3,38,2,1553.76,0.2,310.75,1864.51,1077,533,0,0,2,1,1,1,100,310.75,0.0,1,1,1,1553.76,0,0,0,0,0,0
6,2,9,0,4947.74,0.19,940.07,5887.81,435,0,0,0,0,0,1,1,50,940.07,0.0,1,1,1,4947.74,0,0,0,0,0,0
7,5,39,3,1868.56,0.21,392.4,2260.96,0,363,2029,0,3,1,0,1,50,392.4,0.0,1,1,1,1868.56,0,0,0,0,0,0
3,5,26,3,2889.91,0.2,577.98,3467.89,490,544,0,0,3,1,0,1,50,577.98,0.0,1,0,0,0.0,0,0,0,0,0,0
4,0,54,0,1001.66,0.07,70.12,1071.78,290,697,0,0,1,1,1,1,50,70.12,0.0,1,1,1,1001.66,0,0,0,0,0,0
1,2,0,0,3241.75,0.07,226.92,3468.67,4,583,0,0,0,0,1,1,50,226.92,0.0,1,1,1,3241.75,0,0,0,0,0,1
1,4,57,0,-381.35,0.21,-80.08,-461.43,0,501,2654,0,1,1,1,1,50,-80.08,0.0,1,0,0,0.0,0,0,0,0,0,0
4,3,19,2,3137.67,0.07,219.64,3357.31,287,857,754,0,2,1,1,1,100,219.64,0.0,1,1,1,3137.67,0,0,0,0,0,0
2,5,54,3,3076.04,0.19,584.45,3660.49,737,162,0,0,3,1,0,1,50,584.45,0.0,1,0,0,0.0,0,0,0,0,0,0
4,4,47,0,2219.34,0.21,466.06,2685.4,23,0,0,0,1,1,1,1,50,466.06,0.0,1,0,0,0.0,0,0,0,0,0,0
2,2,56,0,2074.08,0.21,435.56,2509.64,552,141,0,0,0,0,1,1,50,435.56,0.0,1,1,1,2074.08,0,0,0,0,0,0
0,1,32,0,1948.7,0.19,370.25,2318.95,445,0,0,0,0,1,0,1,100,370.25,0.0,1,0,0,0.0,0,0,0,0,0,0
2,3,26,2,2577.24,0.19,489.68,3066.92,0,518,0,0,2,1,1,1,100,489.68,0.0,1,1,1,2577.24,0,0,0,0,0,0
7,4,0,0,2897.23,0.07,202.81,3100.04,1113,733,0,0,1,1,1,1,50,202.81,0.0,1,0,0,0.0,0,0,0,0,0,1
5,2,29,0,4732.85,0.2,946.57,5679.42,0,458,0,0,0,0,1,1,50,946.57,0.0,1,1,1,4732.85,0,0,0,0,0,0
3,1,19,0,3926.69,0.07,274.87,4201.56,368,838,0,0,0,1,0,1,100,274.87,0.0,1,0,0,0.0,0,0,0,0,0,0
3,2,21,0,325.27,0.05,16.26,341.53,56,864,0,0,0,0,1,1,50,16.26,0.0,1,1,1,325.27,0,0,0,0,0,0
1,3,20,2,1991.96,0.21,418.31,2410.27,763,0,0,0,2,1,1,1,100,418.31,0.0,1,1,1,1991.96,0,0,0,0,0,0
4,1,54,0,3794.17,0.21,796.78,4590.95,575,87,2517,0,0,1,0,1,100,796.78,0.0,1,1,1,3794.17,0,0,0,0,0,0
3,3,56,1,1224.78,0.19,264.49,1457.49,0,817,2622,0,2,1,1,1,100,232.71,31.78,0,1,1,1224.78,0,0,0,0,0,0
6,0,8,0,2397.69,0.21,503.51,2901.2,422,0,0,0,1,1,1,1,50,503.51,0.0,1,1,1,2397.69,0,0,0,0,0,0
2,4,54,0,3195.03,0.21,696.38,3865.99,558,530,809,0,1,1,1,1,50,670.96,25.42,1,0,0,0.0,0,0,0,0,0,0
6,0,36,0,3173.2,0.07,222.12,3395.32,0,0,0,0,1,1,1,1,50,222.12,0.0,1,1,1,3173.2,0,0,0,0,0,0
5,2,54,0,3863.31,0.21,811.3,4674.61,218,13,0,0,0,0,1,1,50,811.3,0.0,1,1,1,3863.31,0,0,0,0,0,0
5,4,57,1,4584.18,0.2,962.74,5501.02,595,0,0,0,1,1,1,1,50,916.84,45.9,0,1,1,4584.18,0,0,0,0,0,0
2,4,59,0,3214.46,0.2,642.89,3857.35,719,41,0,0,1,1,1,1,50,642.89,0.0,1,1,1,3214.46,0,0,0,0,0,0
3,5,5,3,4122.06,0.07,288.54,4410.6,112,0,0,0,3,1,0,1,50,288.54,0.0,1,0,0,0.0,0,0,0,0,0,0
4,1,41,0,657.29,0.05,32.86,690.15,20,845,2399,0,0,1,0,1,100,32.86,0.0,1,0,0,0.0,0,0,0,0,0,0
1,3,59,2,4884.21,0.05,244.21,5128.42,1095,880,674,0,2,1,1,1,100,244.21,0.0,1,1,1,4884.21,0,0,0,0,0,0
0,3,0,2,360.82,0.21,75.77,436.59,0,613,2515,0,2,1,1,1,100,75.77,0.0,1,0,0,0.0,0,0,0,0,0,1
2,5,58,3,921.88,0.2,184.38,1106.26,1060,309,1849,0,3,1,0,1,50,184.38,0.0,1,0,0,0.0,0,0,0,0,0,0
0,5,51,3,3519.68,0.21,739.13,4258.81,0,252,0,0,3,1,0,1,50,739.13,0.0,1,0,0,0.0,0,0,0,0,0,0
7,4,30,0,1179.19,0.05,58.96,1238.15,527,625,1690,0,1,1,1,1,50,58.96,0.0,1,1,1,1179.19,0,0,0,0,0,0
6,4,34,0,3430.2,0.05,171.51,3601.71,0,902,0,0,1,1,1,1,50,171.51,0.0,1,1,1,3430.2,0,0,0,0,0,0
2,0,48,1,2116.03,0.07,148.12,2264.15,571,981,0,0,1,1,1,1,50,148.12,0.0,0,1,1,2116.03,0,0,0,0,0,0
5,2,49,0,1245.92,0.05,62.3,1308.22,1000,0,201,0,0,0,1,1,50,62.3,0.0,1,1,1,1245.92,0,0,0,0,0,0
3,1,16,0,1122.71,0.05,56.14,1178.85,1122,261,0,0,0,1,0,1,100,56.14,0.0,1,0,0,0.0,0,0,0,0,0,0
2,4,31,0,463.87,0.19,88.14,552.01,0,245,0,0,1,1,1,1,50,88.14,0.0,1,1,1,463.87,0,0,0,0,0,0
7,0,0,0,902.7,0.19,171.51,1074.21,238,605,0,0,1,1,1,1,50,171.51,0.0,1,1,1,902.7,0,0,0,0,0,0
2,4,13,0,2315.21,0.2,463.04,2778.25,0,105,0,0,1,1,1,1,50,463.04,0.0,1,0,0,0.0,0,0,0,0,0,0
2,5,38,3,2024.25,0.19,397.98,2408.86,454,83,2477,0,3,1,0,1,50,384.61,13.37,1,1,1,2024.25,0,0,0,0,0,0
0,4,0,0,3015.22,0.2,603.04,3618.26,0,946,0,0,1,1,1,1,50,603.04,0.0,1,0,0,0.0,0,0,0,0,0,0
2,3,36,2,4548.1,0.07,361.43,4866.47,139,906,0,0,2,1,1,1,100,318.37,43.06,1,1,1,4548.1,0,0,0,0,0,0
2,1,36,0,2717.4,0.05,135.87,2853.27,1113,0,143,0,0,1,0,1,100,135.87,0.0,1,0,0,0.0,0,0,0,0,0,0
1,1,8,0,3226.38,0.19,613.01,3839.39,1110,240,382,0,0,1,0,1,100,613.01,0.0,1,0,0,0.0,0,0,0,0,0,0
7,2,1,0,2749.77,0.2,549.95,3299.72,463,349,0,0,0,0,1,1,50,549.95,0.0,1,1,1,2749.77,0,0,0,0,0,0
2,4,40,0,4164.35,0.2,832.87,4997.22,527,613,0,0,1,1,1,1,50,832.87,0.0,1,1,1,4164.35,0,0,0,0,0,0
6,0,53,0,690.3,0.05,34.52,724.82,622,35,0,0,1,1,1,1,50,34.52,0.0,1,1,1,690.3,0,0,0,0,0,0
1,1,33,0,3506.49,0.2,701.3,4207.79,1108,0,0,0,0,1,0,1,100,701.3,0.0,1,1,1,3506.49,0,0,0,0,0,0
6,1,29,0,2055.62,0.05,102.78,2158.4,1056,862,0,0,0,1,0,1,100,102.78,0.0,1,0,0,0.0,0,0,0,0,0,0
1,0,11,0,468.0,0.2,93.6,561.6,313,0,0,0,1,1,1,1,50,93.6,0.0,1,0,0,0.0,0,0,0,0,0,0
5,4,31,0,1596.14,0.21,335.19,1931.33,0,413,0,0,1,1,1,1,50,335.19,0.0,1,1,1,1596.14,0,0,0,0,0,0
5,1,25,0,3124.62,0.19,593.68,3718.3,406,647,1301,0,0,1,0,1,100,593.68,0.0,1,0,0,0.0,0,0,0,0,0,0
5,3,30,2,3572.89,0.2,714.58,4287.47,670,982,880,0,2,1,1,1,100,714.58,0.0,1,1,1,3572.89,0,0,0,0,0,0
5,4,15,1,4469.57,0.05,223.48,4693.05,874,57,0,0,1,1,1,1,50,223.48,0.0,0,0,0,0.0,0,0,0,0,0,0
3,5,25,3,1610.84,0.2,322.17,1933.01,576,694,0,0,3,1,0,1,50,322.17,0.0,1,0,0,0.0,0,0,0,0,0,0
4,5,51,3,1239.34,0.2,247.87,1487.21,311,936,0,0,3,1,0,1,50,247.87,0.0,1,0,0,0.0,0,0,0,0,0,0
1,3,44,2,3966.27,0.07,277.64,4243.91,15,0,0,0,2,1,1,1,100,277.64,0.0,1,1,1,3966.27,0,0,0,0,0,0
2,4,5,0,4701.48,0.07,329.1,5030.58,45,895,0,0,1,1,1,1,50,329.1,0.0,1,1,1,4701.48,0,0,0,0,0,0
6,4,36,0,671.79,0.07,47.03,718.82,589,647,1954,0,1,1,1,1,50,47.03,0.0,1,1,1,671.79,0,0,0,0,0,0
0,1,34,0,4864.23,0.2,972.85,5837.08,73,125,879,0,0,1,0,1,100,972.85,0.0,1,1,1,4864.23,0,0,0,0,0,0
3,3,42,2,1885.74,0.05,94.29,1980.03,0,519,0,0,2,1,1,1,100,94.29,0.0,1,1,1,1885.74,0,0,0,0,0,0
6,5,53,3,4676.68,0.05,233.83,4910.51,0,474,0,0,3,1,0,1,50,233.83,0.0,1,0,0,0.0,0,0,0,0,0,0
5,3,11,2,1729.0,0.19,328.51,2057.51,11,6,0,0,2,1,1,1,100,328.51,0.0,1,1,1,1729.0,0,0,0,0,0,0
6,3,2,2,1954.97,0.21,431.46,2365.51,1060,0,1801,0,2,1,1,1,100,410.54,20.92,1,1,1,1954.97,0,0,1,0,0,1
1,2,48,0,972.36,0.21,204.2,1176.56,0,505,0,0,0,0,1,1,50,204.2,0.0,1,1,1,972.36,0,0,0,0,0,0
6,4,36,0,4422.55,0.19,840.28,5262.83,40,184,0,0,1,1,1,1,50,840.28,0.0,1,0,0,0.0,0,0,0,0,0,0
0,0,5,0,1379.34,0.05,68.97,1448.31,127,587,0,0,1,1,1,1,50,68.97,0.0,1,1,1,1379.34,0,0,0,0,0,0
5,3,43,2,4082.56,0.21,857.34,4939.9,0,0,1584,0,2,1,1,1,100,857.34,0.0,1,1,1,4082.56,0,0,0,0,0,0
0,0,12,0,1329.87,0.19,252.68,1582.55,0,701,2334,0,1,1,1,1,50,252.68,0.0,1,1,1,1329.87,0,0,0,0,0,0
6,5,1,3,1107.38,0.05,55.37,1162.75,763,239,0,0,3,1,0,1,50,55.37,0.0,1,0,0,0.0,0,0,0,0,0,0
7,0,0,1,659.74,0.05,32.99,692.73,736,295,0,0,1,1,1,1,50,32.99,0.0,0,1,1,659.74,0,0,0,0,0,1
2,0,35,0,4573.02,0.21,960.33,5533.35,1129,77,0,0,1,1,1,1,50,960.33,0.0,1,1,1,4573.02,0,0,0,0,0,0
6,1,2,0,2948.41,0.05,147.42,3095.83,1115,413,0,0,0,1,0,1,100,147.42,0.0,1,0,0,0.0,0,0,0,0,0,0
2,4,48,1,316.09,0.19,60.06,376.15,267,0,0,0,1,1,1,1,50,60.06,0.0,0,1,1,316.09,0,0,1,0,0,1
6,4,43,0,394.38,0.2,78.88,473.26,358,689,0,0,1,1,1,1,50,78.88,0.0,1,1,1,394.38,0,0,0,0,0,0
1,1,27,0,3838.01,0.21,805.98,4643.99,646,251,0,0,0,1,0,1,100,805.98,0.0,1,1,1,3838.01,0,0,0,0,0,0
3,0,34,0,4206.92,0.07,294.48,4501.4,1015,488,0,0,1,1,1,1,50,294.48,0.0,1,1,1,4206.92,0,0,0,0,0,0
7,4,55,0,3557.23,0.21,747.02,4304.25,1000,937,0,0,1,1,1,1,50,747.02,0.0,1,0,0,0.0,0,0,0,0,0,0
7,4,46,0,4878.9,0.2,975.78,5854.68,1120,111,2384,0,1,1,1,1,50,975.78,0.0,1,0,0,0.0,0,0,0,0,0,0
1,3,17,2,2544.67,0.21,534.38,3079.05,0,0,2588,0,2,1,1,1,100,534.38,0.0,1,1,1,2544.67,0,0,0,0,0,0
6,4,57,0,177.76,0.19,33.77,211.53,778,639,0,0,1,1,1,1,50,33.77,0.0,1,0,0,0.0,0,0,0,0,0,0
0,3,23,2,1650.65,0.19,313.62,1964.27,348,939,0,0,2,1,1,1,100,313.62,0.0,1,1,1,1650.65,0,0,0,0,0,0
7,1,20,0,1842.27,0.21,386.88,2229.15,23,0,1890,0,0,1,0,1,100,386.88,0.0,1,0,0,0.0,0,0,0,0,0,0
7,0,58,0,1605.55,0.2,321.11,1926.66,517,243,0,0,1,1,1,1,50,321.11,0.0,1,1,1,1605.55,0,0,0,0,0,0
5,0,35,0,534.15,0.19,101.49,635.64,760,318,0,0,1,1,1,1,50,101.49,0.0,1,1,1,534.15,0,0,0,0,0,0
3,2,37,1,2679.35,0.07,187.55,2866.9,38,118,0,0,0,0,1,1,50,187.55,0.0,0,1,1,2679.35,0,0,0,0,0,0
5,5,8,3,1930.16,0.19,366.73,2296.89,467,1030,1358,0,3,1,0,1,50,366.73,0.0,1,0,0,0.0,0,0,0,0,0,0
4,2,10,0,4132.49,0.2,826.5,4958.99,1071,331,0,0,0,0,1,1,50,826.5,0.0,1,1,1,4132.49,0,0,0,0,0,0
5,4,38,0,-4080.85,0.19,-775.36,-4856.21,44,178,0,0,1,1,1,1,50,-775.36,0.0,1,1,1,4080.85,0,0,0,0,0,0
6,3,17,2,4243.94,0.05,212.2,4456.14,615,0,2396,0,2,1,1,1,100,212.2,0.0,1,1,1,4243.94,0,0,0,0,0,0
7,4,0,0,3143.71,0.21,660.18,3803.89,240,0,835,0,1,1,1,1,50,660.18,0.0,1,1,1,3143.71,0,0,1,0,0,2
4,5,42,3,4117.67,0.21,864.71,4982.38,3,27,0,0,3,1,0,1,50,864.71,0.0,1,0,0,0.0,0,0,0,0,0,0
5,0,41,0,2894.72,0.05,144.74,3039.46,504,616,0,0,1,1,1,1,50,144.74,0.0,1,1,1,2894.72,0,0,0,0,0,0
4,5,55,3,1184.74,0.21,248.8,1433.54,181,605,0,0,3,1,0,1,50,248.8,0.0,1,0,0,0.0,0,0,0,0,0,0
3,3,33,2,1735.18,0.21,364.39,2099.57,24,530,0,0,2,1,1,1,100,364.39,0.0,1,1,1,1735.18,0,0,0,0,0,0
2,5,34,3,2604.5,0.07,213.41,2786.82,0,450,0,0,3,1,0,1,50,182.32,31.09,1,0,0,0.0,0,0,0,0,0,0
4,2,21,0,2654.27,0.2,530.85,3185.12,0,97,0,0,0,0,1,1,50,530.85,0.0,1,1,1,2654.27,0,0,0,0,0,0
2,5,44,3,516.64,0.2,103.33,619.97,678,0,0,0,3,1,0,1,50,103.33,0.0,1,0,0,0.0,0,0,0,0,0,0
3,5,54,3,4094.49,0.19,777.95,4872.44,390,222,2557,0,3,1,0,1,50,777.95,0.0,1,0,0,0.0,0,0,0,0,0,0
0,4,54,0,3358.35,0.05,167.92,3526.27,669,360,1109,0,1,1,1,1,50,167.92,0.0,1,0,0,0.0,0,0,0,0,0,0
7,3,28,2,253.93,0.07,17.78,271.71,692,580,2032,0,2,1,1,1,100,17.78,0.0,1,1,1,253.93,0,0,0,0,0,0
7,2,40,0,1776.13,0.2,355.23,2131.36,0,877,0,0,0,0,1,1,50,355.23,0.0,1,1,1,1776.13,0,0,0,0,0,0
6,1,20,0,1325.95,0.21,278.45,1604.4,1137,454,0,0,0,1,0,1,100,278.45,0.0,1,1,1,1325.95,0,0,0,0,0,0
7,5,20,3,4518.54,0.07,316.3,4834.84,0,381,0,0,3,1,0,1,50,316.3,0.0,1,0,0,0.0,0,0,0,0,0,0
0,1,15,0,3129.52,0.07,219.07,3348.59,0,420,1218,0,0,1,0,1,100,219.07,0.0,1,0,0,0.0,0,0,0,0,0,0
1,5,58,3,3758.89,0.05,187.94,3946.83,0,302,0,0,3,1,0,1,50,187.94,0.0,1,0,0,0.0,0,0,0,0,0,0
6,0,39,0,1988.99,0.19,377.91,2366.9,0,235,0,0,1,1,1,1,50,377.91,0.0,1,1,1,1988.99,0,0,0,0,0,0
7,1,41,0,2241.2,0.05,112.06,2353.26,120,876,0,0,0,1,0,1,100,112.06,0.0,1,0,0,0.0,0,0,0,0,0,0
1,1,44,0,3516.59,0.21,771.15,4255.07,572,583,269,0,0,1,0,1,100,738.48,32.67,1,1,1,3516.59,0,0,0,0,0,0
0,2,12,0,3366.81,0.07,235.68,3602.49,134,74,1770,0,0,0,1,1,50,235.68,0.0,1,1,1,3366.81,0,0,0,0,0,0
5,4,25,0,887.96,0.21,186.47,1074.43,646,812,0,0,1,1,1,1,50,186.47,0.0,1,0,0,0.0,0,0,0,0,0,0
4,3,20,2,4763.32,0.2,952.66,5715.98,776,381,341,0,2,1,1,1,100,952.66,0.0,1,1,1,4763.32,0,0,0,0,0,0
5,5,0,3,2219.54,0.19,421.71,2641.25,435,0,24,0,3,1,0,1,50,421.71,0.0,1,0,0,0.0,0,0,0,0,0,1
4,4,38,0,1940.84,0.21,407.58,2348.42,334,692,0,0,1,1,1,1,50,407.58,0.0,1,0,0,0.0,0,0,0,0,0,0
2,0,52,0,2491.53,0.19,473.39,2964.92,0,871,1476,0,1,1,1,1,50,473.39,0.0,1,1,1,2491.53,0,0,0,0,0,0
2,0,12,0,801.94,0.19,152.37,954.31,309,330,649,0,1,1,1,1,50,152.37,0.0,1,1,1,801.94,0,0,0,0,0,0
1,5,2,3,3363.55,0.2,672.71,4036.26,1,954,163,0,3,1,0,1,50,672.71,0.0,1,0,0,0.0,0,0,0,0,0,0
6,2,33,0,310.18,0.07,51.2,331.89,589,910,0,0,0,0,1,1,50,21.71,29.49,1,0,0,0.0,0,0,0,0,0,0
5,3,28,2,1815.25,0.19,344.9,2160.15,760,0,0,0,2,1,1,1,100,344.9,0.0,1,1,1,1815.25,0,0,0,0,0,0
4,4,1,0,3796.77,0.2,759.35,4556.12,1123,594,452,0,1,1,1,1,50,759.35,0.0,1,1,1,3796.77,0,0,0,0,0,0
6,5,37,3,2653.24,0.21,557.18,3210.42,309,50,0,0,3,1,0,1,50,557.18,0.0,1,0,0,0.0,0,0,0,0,0,0
7,0,33,0,3418.98,0.05,170.95,3589.93,555,888,1479,0,1,1,1,1,50,170.95,0.0,1,1,1,3418.98,0,0,0,0,0,0
2,3,38,2,2001.25,0.2,400.25,2401.5,736,654,0,0,2,1,1,1,100,400.25,0.0,1,1,1,2001.25,0,0,0,0,0,0
4,5,0,3,1173.51,0.21,276.87,1419.95,235,404,0,0,3,1,0,1,50,246.44,30.43,1,0,0,0.0,0,0,0,0,0,1
5,1,18,0,3007.95,0.05,150.4,3158.35,660,580,0,0,0,1,0,1,100,150.4,0.0,1,0,0,0.0,0,0,0,0,0,0
1,2,23,0,2481.81,0.19,471.54,2953.35,0,949,0,0,0,0,1,1,50,471.54,0.0,1,1,1,2481.81,0,0,0,0,0,0
2,2,37,0,2181.8,0.07,152.73,2334.53,88,648,0,0,0,0,1,1,50,152.73,0.0,1,1,1,2181.8,0,0,0,0,0,0
5,0,11,0,2896.45,0.07,202.75,3099.2,432,295,0,0,1,1,1,1,50,202.75,0.0,1,1,1,2896.45,0,0,0,0,0,0
6,5,51,3,752.42,0.05,37.62,790.04,313,105,2351,0,3,1,0,1,50,37.62,0.0,1,0,0,0.0,0,0,0,0,0,0
6,3,23,2,2013.22,0.05,100.66,2113.88,130,989,0,0,2,1,1,1,100,100.66,0.0,1,1,1,2013.22,0,0,0,0,0,0
0,4,8,0,1877.82,0.19,356.79,2234.61,0,264,1909,0,1,1,1,1,50,356.79,0.0,1,0,0,0.0,0,0,0,0,0,0
1,0,30,0,2405.2,0.19,456.99,2862.19,0,66,0,0,1,1,1,1,50,456.99,0.0,1,1,1,2405.2,0,0,0,0,0,0
2,5,8,3,1616.0,0.05,80.8,1696.8,109,35,1456,0,3,1,0,1,50,80.8,0.0,1,0,0,0.0,0,0,0,0,0,0
0,5,11,3,2396.99,0.05,119.85,2516.84,557,697,645,0,3,1,0,1,50,119.85,0.0,1,0,0,0.0,0,0,0,0,0,0
0,3,0,2,4337.88,0.2,867.58,5205.46,0,0,1585,0,2,1,1,1,100,867.58,0.0,1,1,1,4337.88,0,0,1,0,0,2
2,0,16,0,4190.54,0.21,880.01,5070.55,448,570,0,0,1,1,1,1,50,880.01,0.0,1,1,1,4190.54,0,0,0,0,0,0
6,5,14,1,2854.69,0.07,199.83,3054.52,644,0,0,0,3,1,0,1,50,199.83,0.0,0,0,0,0.0,0,0,0,0,0,0
7,0,32,0,4066.74,0.07,284.67,4351.41,565,196,1898,0,1,1,1,1,50,284.67,0.0,1,1,1,4066.74,0,0,0,0,0,0
5,2,33,0,2584.88,0.07,180.94,2765.82,240,82,0,0,0,0,1,1,50,180.94,0.0,1,1,1,2584.88,0,0,0,0,0,0
2,1,14,0,1085.15,0.2,217.03,1302.18,509,838,0,0,0,1,0,1,100,217.03,0.0,1,0,0,0.0,0,0,0,0,0,0
6,3,0,2,1171.67,0.07,82.02,1253.69,0,0,1014,0,2,1,1,1,100,82.02,0.0,1,0,0,0.0,0,0,0,0,0,1
4,4,56,1,2312.98,0.05,115.65,2428.63,505,0,0,0,1,1,1,1,50,115.65,0.0,0,0,0,0.0,0,0,1,0,0,1
4,3,50,2,716.43,0.2,143.29,859.72,719,580,0,0,2,1,1,1,100,143.29,0.0,1,1,1,716.43,0,0,0,0,0,0
0,3,27,2,1842.15,0.21,386.85,2229.0,0,404,2446,0,2,1,1,1,100,386.85,0.0,1,1,1,1842.15,0,0,0,0,0,0
1,0,33,0,2976.8,0.2,595.36,3572.16,0,241,0,0,1,1,1,1,50,595.36,0.0,1,1,1,2976.8,0,0,0,0,0,0
7,4,6,0,4299.88,0.2,859.98,5159.86,0,177,0,0,1,1,1,1,50,859.98,0.0,1,0,0,0.0,0,0,0,0,0,0
2,2,3,0,3317.09,0.21,696.59,4013.68,1050,721,0,0,0,0,1,1,50,696.59,0.0,1,1,1,3317.09,0,0,0,0,0,0
4,3,30,2,1029.59,0.19,195.62,1225.21,480,551,0,0,2,1,1,1,100,195.62,0.0,1,1,1,1029.59,0,0,0,0,0,0
7,2,38,1,4600.93,0.21,1010.23,5567.13,523,209,0,0,0,0,1,1,50,966.2,44.03,0,0,0,0.0,0,0,0,0,0,0
4,5,0,3,794.07,0.07,55.58,849.65,0,806,959,0,3,1,0,1,50,55.58,0.0,1,0,0,0.0,0,0,0,0,0,0
2,0,33,0,526.11,0.2,105.22,631.33,0,114,0,0,1,1,1,1,50,105.22,0.0,1,0,0,0.0,0,0,0,0,0,0
5,0,59,0,4976.7,0.2,995.34,5972.04,498,366,717,0,1,1,1,1,50,995.34,0.0,1,0,0,0.0,0,0,0,0,0,0
7,5,34,3,873.92,0.21,183.52,1057.44,471,0,2325,0,3,1,0,1,50,183.52,0.0,1,0,0,0.0,0,0,0,0,0,0
0,4,41,0,1076.77,0.2,215.35,1292.12,527,137,0,0,1,1,1,1,50,215.35,0.0,1,0,0,0.0,0,0,0,0,0,0
2,2,37,0,104.71,0.05,5.24,109.95,736,508,0,0,0,0,1,1,50,5.24,0.0,1,1,1,104.71,0,0,0,0,0,0
1,1,57,0,2985.87,0.2,597.17,3583.04,678,226,0,0,0,1,0,1,100,597.17,0.0,1,0,0,0.0,0,0,0,0,0,0
2,2,22,0,1331.16,0.21,279.54,1610.7,0,659,0,0,0,0,1,1,50,279.54,0.0,1,1,1,1331.16,0,0,0,0,0,0
7,2,0,0,3799.76,0.21,797.95,4597.71,440,874,0,0,0,0,1,1,50,797.95,0.0,1,1,1,3799.76,0,0,0,0,0,1
5,4,39,0,4211.69,0.2,842.34,5054.03,572,0,1327,0,1,1,1,1,50,842.34,0.0,1,1,1,4211.69,0,0,0,0,0,0
2,3,5,2,2626.83,0.19,499.1,3125.93,402,0,456,0,2,1,1,1,100,499.1,0.0,1,1,1,2626.83,0,0,0,0,0,0
2,2,58,0,3865.98,0.05,193.3,4059.28,127,740,0,0,0,0,1,1,50,193.3,0.0,1,1,1,3865.98,0,0,0,0,0,0
4,5,43,3,1127.21,0.21,236.71,1363.92,29,773,0,0,3,1,0,1,50,236.71,0.0,1,0,0,0.0,0,0,0,0,0,0
0,5,7,3,1486.98,0.2,297.4,1784.38,1116,88,163,0,3,1,0,1,50,297.4,0.0,1,0,0,0.0,0,0,0,0,0,0
7,1,28,0,2702.53,0.21,567.53,3270.06,0,347,0,0,0,1,0,1,100,567.53,0.0,1,0,0,0.0,0,0,0,0,0,0
3,4,18,0,1815.75,0.07,127.1,1942.85,1132,963,894,0,1,1,1,1,50,127.1,0.0,1,1,1,1815.75,0,0,0,0,0,0
4,0,21,0,3315.46,0.07,232.08,3547.54,710,628,1468,0,1,1,1,1,50,232.08,0.0,1,1,1,3315.46,0,0,0,0,0,0
4,0,23,0,1485.17,0.07,103.96,1589.13,109,840,0,0,1,1,1,1,50,103.96,0.0,1,1,1,1485.17,0,0,0,0,0,0
1,5,16,3,1309.82,0.21,275.06,1584.88,1013,238,2057,0,3,1,0,1,50,275.06,0.0,1,0,0,0.0,0,0,0,0,0,0
4,2,2,0,4173.82,0.21,876.5,5050.32,1038,505,0,0,0,0,1,1,50,876.5,0.0,1,1,1,4173.82,0,0,0,0,0,0
0,1,25,0,4108.72,0.2,821.74,4930.46,652,0,0,0,0,1,0,1,100,821.74,0.0,1,0,0,0.0,0,0,0,0,0,0
7,5,44,3,589.61,0.07,41.27,630.88,144,184,828,0,3,1,0,1,50,41.27,0.0,1,0,0,0.0,0,0,0,0,0,0
0,3,27,2,1985.66,0.2,397.13,2382.79,1093,0,0,0,2,1,1,1,100,397.13,0.0,1,1,1,1985.66,0,0,0,0,0,0
6,2,45,0,491.24,0.19,93.34,584.58,0,947,1115,0,0,0,1,1,50,93.34,0.0,1,1,1,491.24,0,0,0,0,0,0
1,0,6,0,2133.31,0.19,405.33,2538.64,181,401,0,0,1,1,1,1,50,405.33,0.0,1,1,1,2133.31,0,0,0,0,0,0
5,2,11,0,3932.95,0.21,825.92,4758.87,0,405,0,0,0,0,1,1,50,825.92,0.0,1,1,1,3932.95,0,0,0,0,0,0
3,0,57,0,1665.99,0.2,333.2,1999.19,1118,42,1748,0,1,1,1,1,50,333.2,0.0,1,1,1,1665.99,0,0,0,0,0,0
1,4,28,0,2146.46,0.2,429.29,2575.75,448,376,0,0,1,1,1,1,50,429.29,0.0,1,1,1,2146.46,0,0,0,0,0,0
7,3,39,2,3345.71,0.07,234.2,3579.91,411,57,0,0,2,1,1,1,100,234.2,0.0,1,1,1,3345.71,0,0,0,0,0,0
3,2,0,0,4223.49,0.2,844.7,5068.19,0,0,0,0,0,0,1,1,50,844.7,0.0,1,1,1,4223.49,0,0,0,0,0,1
5,1,5,1,3623.96,0.19,688.55,4312.51,1138,42,0,0,0,1,0,1,100,688.55,0.0,0,1,1,3623.96,0,0,0,0,0,0
6,3,7,2,1889.97,0.05,94.5,1984.47,358,35,0,0,2,1,1,1,100,94.5,0.0,1,1,1,1889.97,0,0,0,0,0,0
6,2,39,0,2762.89,0.19,524.95,3287.84,341,112,0,0,0,0,1,1,50,524.95,0.0,1,1,1,2762.89,0,0,0,0,0,0
7,5,11,1,3280.15,0.05,164.01,3444.16,0,288,0,0,3,1,0,1,50,164.01,0.0,0,0,0,0.0,0,0,0,0,0,0
2,4,48,0,1369.97,0.19,260.29,1630.26,1059,225,0,0,1,1,1,1,50,260.29,0.0,1,1,1,1369.97,0,0,0,0,0,0
7,2,47,0,3758.12,0.19,714.04,4472.16,311,809,0,0,0,0,1,1,50,714.04,0.0,1,1,1,3758.12,0,0,0,0,0,0
5,3,42,2,4860.69,0.19,923.53,5784.22,0,102,0,0,2,1,1,1,100,923.53,0.0,1,1,1,4860.69,0,0,0,0,0,0
5,1,34,0,3640.09,0.21,764.42,4404.51,665,119,0,0,0,1,0,1,100,764.42,0.0,1,0,0,0.0,0,0,0,0,0,0
1,0,54,0,4977.31,0.07,348.41,5325.72,109,0,0,0,1,1,1,1,50,348.41,0.0,1,0,0,0.0,0,0,1,0,0,1
1,4,33,0,4797.06,0.19,911.44,5708.5,422,695,0,0,1,1,1,1,50,911.44,0.0,1,0,0,0.0,0,0,0,0,0,0
3,4,29,0,3454.2,0.19,656.3,4110.5,482,376,0,0,1,1,1,1,50,656.3,0.0,1,0,0,0.0,0,0,0,0,0,0
6,5,0,3,570.32,0.07,87.25,610.24,0,313,0,0,3,1,0,1,50,39.92,47.33,1,0,0,0.0,0,0,0,0,0,1
5,4,37,0,4994.39,0.2,998.88,5993.27,20,0,0,0,1,1,1,1,50,998.88,0.0,1,1,1,4994.39,0,0,0,0,0,0
3,1,55,0,1445.42,0.19,274.63,1720.05,690,0,0,0,0,1,0,1,100,274.63,0.0,1,1,1,1445.42,0,0,0,0,0,0
2,1,3,0,519.14,0.05,25.96,545.1,278,654,1152,0,0,1,0,1,100,25.96,0.0,1,1,1,519.14,0,0,0,0,0,0
1,4,47,0,2574.92,0.2,514.98,3089.9,1017,440,0,0,1,1,1,1,50,514.98,0.0,1,1,1,2574.92,0,0,0,0,0,0
7,3,36,1,2939.9,0.21,617.38,3557.28,1005,0,0,0,2,1,1,1,100,617.38,0.0,0,0,0,0.0,0,0,1,0,0,1
5,5,5,3,392.44,0.2,78.49,470.93,765,0,0,0,3,1,0,1,50,78.49,0.0,1,0,0,0.0,0,0,0,0,0,0
7,3,56,2,1130.6,0.2,226.12,1356.72,315,0,0,0,2,1,1,1,100,226.12,0.0,1,1,1,1130.6,0,0,0,0,0,0
1,3,48,2,4270.09,0.21,896.72,5166.81,0,0,0,0,2,1,1,1,100,896.72,0.0,1,1,1,4270.09,0,0,0,0,0,0
7,5,46,3,4671.25,0.07,326.99,4998.24,577,740,384,0,3,1,0,1,50,326.99,0.0,1,0,0,0.0,0,0,0,0,0,0
1,4,49,0,1998.48,0.05,99.92,2098.4,204,307,0,0,1,1,1,1,50,99.92,0.0,1,1,1,1998.48,0,0,0,0,0,0
2,4,27,0,4463.7,0.19,848.1,5311.8,670,0,0,0,1,1,1,1,50,848.1,0.0,1,1,1,4463.7,0,0,0,0,0,0
7,5,8,3,495.61,0.05,24.78,520.39,131,439,1175,0,3,1,0,1,50,24.78,0.0,1,0,0,0.0,0,0,0,0,0,0
6,5,35,3,4719.65,0.05,235.98,4955.63,0,298,0,0,3,1,0,1,50,235.98,0.0,1,0,0,0.0,0,0,0,0,0,0
2,4,25,0,1599.53,0.19,303.91,1903.44,187,945,0,0,1,1,1,1,50,303.91,0.0,1,0,0,0.0,0,0,0,0,0,0
2,2,27,0,1824.78,0.05,91.24,1916.02,141,539,0,0,0,0,1,1,50,91.24,0.0,1,1,1,1824.78,0,0,0,0,0,0
5,0,4,0,3762.54,0.05,188.13,3950.67,1054,60,0,0,1,1,1,1,50,188.13,0.0,1,1,1,3762.54,0,0,0,0,0,0
4,1,47,0,2266.77,0.21,476.02,2742.79,696,118,0,0,0,1,0,1,100,476.02,0.0,1,0,0,0.0,0,0,0,0,0,0
7,3,35,2,1459.54,0.05,72.98,1532.52,0,705,0,0,2,1,1,1,100,72.98,0.0,1,1,1,1459.54,0,0,0,0,0,0
6,1,32,0,4257.01,0.07,297.99,4555.0,181,109,0,0,0,1,0,1,100,297.99,0.0,1,1,1,4257.01,0,0,0,0,0,0
3,1,12,0,2903.95,0.19,551.75,3455.7,517,18,0,0,0,1,0,1,100,551.75,0.0,1,0,0,0.0,0,0,0,0,0,0
5,0,20,0,4632.52,0.2,926.5,5559.02,523,0,2499,0,1,1,1,1,50,926.5,0.0,1,1,1,4632.52,0,0,0,0,0,0
7,4,0,0,3229.6,0.05,161.48,3391.08,926,460,0,0,1,1,1,1,50,161.48,0.0,1,0,0,0.0,0,0,0,0,0,1
4,4,0,0,2329.9,0.19,442.68,2772.58,954,977,0,0,1,1,1,1,50,442.68,0.0,1,0,0,0.0,0,0,0,0,0,1
6,3,0,2,2587.46,0.21,543.37,3130.83,769,0,0,0,2,1,1,1,100,543.37,0.0,1,0,0,0.0,0,0,0,0,0,1
5,4,33,0,2782.96,0.05,139.15,2922.11,768,704,0,0,1,1,1,1,50,139.15,0.0,1,1,1,2782.96,0,0,0,0,0,0
3,1,0,0,4935.57,0.07,388.22,5281.06,0,561,321,0,0,1,0,1,100,345.49,42.73,1,0,0,0.0,0,0,0,0,0,1
5,5,9,3,1327.95,0.2,265.59,1593.54,35,0,0,0,3,1,0,1,50,265.59,0.0,1,0,0,0.0,0,0,0,0,0,0
1,3,18,2,3817.54,0.07,267.23,4084.77,672,904,1938,0,2,1,1,1,100,267.23,0.0,1,1,1,3817.54,0,0,0,0,0,0
2,4,47,0,3811.82,0.21,800.48,4612.3,1021,594,0,0,1,1,1,1,50,800.48,0.0,1,0,0,0.0,0,0,0,0,0,0
0,3,6,2,1508.66,0.2,301.73,1810.39,575,793,648,0,2,1,1,1,100,301.73,0.0,1,1,1,1508.66,0,0,0,0,0,0
1,0,17,0,4875.53,0.19,926.35,5801.88,191,0,541,0,1,1,1,1,50,926.35,0.0,1,1,1,4875.53,0,0,0,0,0,0
1,0,0,0,713.76,0.07,71.52,763.72,139,0,873,0,1,1,1,1,50,49.96,21.56,1,1,1,713.76,0,0,1,0,0,2
6,2,28,0,3489.89,0.2,697.98,4187.87,1050,347,0,0,0,0,1,1,50,697.98,0.0,1,1,1,3489.89,0,0,0,0,0,0
3,0,1,0,1847.07,0.21,387.88,2234.95,1132,1015,2562,0,1,1,1,1,50,387.88,0.0,1,1,1,1847.07,0,0,0,0,0,0
7,5,34,3,1539.48,0.19,292.5,1831.98,560,637,0,0,3,1,0,1,50,292.5,0.0,1,0,0,0.0,0,0,0,0,0,0
1,2,43,1,3675.09,0.19,715.99,4373.36,255,0,528,0,0,0,1,1,50,698.27,17.72,0,1,1,3675.09,0,0,0,0,0,0
3,3,59,2,1842.39,0.07,128.97,1971.36,238,771,0,0,2,1,1,1,100,128.97,0.0,1,1,1,1842.39,0,0,0,0,0,0
4,1,29,0,769.99,0.21,161.7,931.69,542,497,0,0,0,1,0,1,100,161.7,0.0,1,0,0,0.0,0,0,0,0,0,0
2,5,46,3,1519.38,0.21,319.07,1838.45,269,741,498,0,3,1,0,1,50,319.07,0.0,1,0,0,0.0,0,0,0,0,0,0
3,2,6,0,2353.67,0.07,164.76,2518.43,360,775,0,0,0,0,1,1,50,164.76,0.0,1,1,1,2353.67,0,0,0,0,0,0
0,2,59,0,1227.18,0.21,257.71,1484.89,769,484,0,0,0,0,1,1,50,257.71,0.0,1,1,1,1227.18,0,0,0,0,0,0
2,1,26,0,3521.12,0.2,704.22,4225.34,372,0,0,0,0,1,0,1,100,704.22,0.0,1,0,0,0.0,0,0,0,0,0,0
2,4,54,0,4410.35,0.19,837.97,5248.32,712,998,414,0,1,1,1,1,50,837.97,0.0,1,1,1,4410.35,0,0,0,0,0,0
1,3,47,2,4893.54,0.19,929.77,5823.31,546,924,2203,0,2,1,1,1,100,929.77,0.0,1,1,1,4893.54,0,0,0,0,0,0
6,0,21,0,4916.36,0.2,983.27,5899.63,163,960,0,0,1,1,1,1,50,983.27,0.0,1,1,1,4916.36,0,0,0,0,0,0
7,2,53,0,4734.46,0.07,331.41,5065.87,663,637,155,0,0,0,1,1,50,331.41,0.0,1,1,1,4734.46,0,0,0,0,0,0
6,5,0,3,2403.7,0.2,480.74,2884.44,144,897,0,0,3,1,0,1,50,480.74,0.0,1,0,0,0.0,0,0,0,0,0,0
0,5,57,3,2203.64,0.19,418.69,2622.33,11,0,0,0,3,1,0,1,50,418.69,0.0,1,0,0,0.0,0,0,0,0,0,0
7,4,0,0,3342.6,0.05,167.13,3509.73,0,969,0,0,1,1,1,1,50,167.13,0.0,1,1,1,3342.6,0,0,0,0,0,0
6,3,52,2,2109.88,0.19,400.88,2510.76,84,112,0,0,2,1,1,1,100,400.88,0.0,1,1,1,2109.88,0,0,0,0,0,0
5,1,35,0,4671.92,0.05,233.6,4905.52,681,0,0,0,0,1,0,1,100,233.6,0.0,1,0,0,0.0,0,0,0,0,0,0
6,5,49,3,2810.81,0.07,196.76,3007.57,1068,580,0,0,3,1,0,1,50,196.76,0.0,1,0,0,0.0,0,0,0,0,0,0
6,3,0,2,2929.52,0.21,652.3,3544.72,236,10,0,0,2,1,1,1,100,615.2,37.1,1,1,1,2929.52,0,0,0,0,0,1
2,3,14,2,2379.48,0.07,189.39,2546.04,904,838,0,0,2,1,1,1,100,166.56,22.83,1,1,1,2379.48,0,0,0,0,0,0
7,3,11,2,2515.94,0.05,125.8,2641.74,558,450,1247,0,2,1,1,1,100,125.8,0.0,1,1,1,2515.94,0,0,0,0,0,0
3,5,57,3,111.11,0.05,5.56,116.67,301,129,0,0,3,1,0,1,50,5.56,0.0,1,0,0,0.0,0,0,0,0,0,0
3,0,10,0,349.49,0.2,69.9,419.39,380,378,198,0,1,1,1,1,50,69.9,0.0,1,1,1,349.49,0,0,0,0,0,0
5,3,13,2,2114.51,0.07,148.02,2262.53,692,478,0,0,2,1,1,1,100,148.02,0.0,1,1,1,2114.51,0,0,0,0,0,0
3,1,43,0,2321.92,0.07,162.53,2484.45,279,771,2364,0,0,1,0,1,100,162.53,0.0,1,1,1,2321.92,0,0,0,0,0,0
1,5,15,3,4005.12,0.21,841.08,4846.2,371,920,0,0,3,1,0,1,50,841.08,0.0,1,0,0,0.0,0,0,0,0,0,0
1,2,6,0,3690.54,0.19,701.2,4391.74,65,165,0,0,0,0,1,1,50,701.2,0.0,1,1,1,3690.54,0,0,0,0,0,0
4,2,18,0,4872.2,0.07,341.05,5213.25,207,0,0,0,0,0,1,1,50,341.05,0.0,1,1,1,4872.2,0,0,0,0,0,0
7,5,59,3,2835.4,0.07,198.48,3033.88,619,241,0,0,3,1,0,1,50,198.48,0.0,1,0,0,0.0,0,0,0,0,0,0
4,4,35,0,4818.76,0.07,337.31,5156.07,796,414,0,0,1,1,1,1,50,337.31,0.0,1,1,1,4818.76,0,0,0,0,0,0
2,2,31,0,1825.4,0.2,365.08,2190.48,597,880,0,0,0,0,1,1,50,365.08,0.0,1,1,1,1825.4,0,0,0,0,0,0
2,2,33,1,2206.87,0.19,419.31,2626.18,943,46,0,0,0,0,1,1,50,419.31,0.0,0,1,1,2206.87,0,0,0,0,0,0
1,3,1,2,2607.43,0.05,130.37,2737.8,552,754,0,0,2,1,1,1,100,130.37,0.0,1,1,1,2607.43,0,0,0,0,0,0
3,4,44,0,804.8,0.19,152.91,957.71,599,830,0,0,1,1,1,1,50,152.91,0.0,1,1,1,804.8,0,0,0,0,0,0
1,4,51,0,4978.5,0.19,945.91,5924.41,0,708,1640,0,1,1,1,1,50,945.92,0.01,1,1,1,4978.5,0,0,0,0,0,0
0,1,32,0,872.12,0.05,43.61,915.73,568,783,0,0,0,1,0,1,100,43.61,0.0,1,0,0,0.0,0,0,0,0,0,0
6,0,44,0,4084.39,0.2,816.88,4901.27,0,0,0,0,1,1,1,1,50,816.88,0.0,1,1,1,4084.39,0,0,1,0,0,1
4,4,41,0,2251.36,0.2,450.27,2701.63,299,0,0,0,1,1,1,1,50,450.27,0.0,1,1,1,2251.36,0,0,0,0,0,0
7,5,23,3,3173.33,0.05,158.67,3332.0,316,350,0,0,3,1,0,1,50,158.67,0.0,1,1,1,3173.33,0,0,0,0,0,0
4,4,0,0,2795.73,0.05,158.76,2935.52,220,0,0,0,1,1,1,1,50,139.79,18.97,1,0,0,0.0,0,0,1,0,0,2
7,0,41,0,4300.56,0.21,903.12,5203.68,674,42,0,0,1,1,1,1,50,903.12,0.0,1,1,1,4300.56,0,0,0,0,0,0
2,1,12,0,683.8,0.2,136.76,820.56,417,0,1696,0,0,1,0,1,100,136.76,0.0,1,0,0,0.0,0,0,0,0,0,0
2,2,24,0,3152.18,0.19,598.91,3751.09,211,350,1955,0,0,0,1,1,50,598.91,0.0,1,1,1,3152.18,0,0,0,0,0,0
7,1,18,0,3884.96,0.19,738.14,4623.1,765,668,0,0,0,1,0,1,100,738.14,0.0,1,0,0,0.0,0,0,0,0,0,0
4,1,0,0,4383.85,0.07,306.87,4690.72,0,389,119,0,0,1,0,1,100,306.87,0.0,1,0,0,0.0,0,0,0,0,0,1
6,1,4,0,3504.46,0.19,665.85,4170.31,1122,782,0,0,0,1,0,1,100,665.85,0.0,1,0,0,0.0,0,0,0,0,0,0
1,3,8,2,427.89,0.07,29.95,457.84,132,574,0,0,2,1,1,1,100,29.95,0.0,1,1,1,427.89,0,0,0,0,0,0
7,1,15,0,424.07,0.2,110.68,508.88,278,0,0,0,0,1,0,1,100,84.81,25.87,1,0,0,0.0,0,0,0,0,0,0
4,5,44,3,828.62,0.2,165.72,994.34,523,605,770,0,3,1,0,1,50,165.72,0.0,1,0,0,0.0,0,0,0,0,0,0
6,4,59,0,3733.16,0.21,783.96,4517.12,625,828,0,0,1,1,1,1,50,783.96,0.0,1,0,0,0.0,0,0,0,0,0,0
3,5,57,1,3115.58,0.21,654.27,3769.85,0,628,1227,0,3,1,0,1,50,654.27,0.0,0,1,1,3115.58,0,0,0,0,0,0
0,5,59,3,2625.1,0.2,525.02,3150.12,572,84,68,0,3,1,0,1,50,525.02,0.0,1,0,0,0.0,0,0,0,0,0,0
2,0,0,0,4051.5,0.21,850.81,4902.31,233,17,0,0,1,1,1,1,50,850.82,0.01,1,1,1,4051.5,0,0,0,0,0,1
4,0,57,0,3590.75,0.05,179.54,3770.29,751,644,572,0,1,1,1,1,50,179.54,0.0,1,1,1,3590.75,0,0,0,0,0,0
7,0,8,0,1772.24,0.21,372.17,2144.41,317,109,0,0,1,1,1,1,50,372.17,0.0,1,1,1,1772.24,0,0,0,0,0,0
3,0,33,0,2113.57,0.2,422.71,2536.28,1044,356,0,0,1,1,1,1,50,422.71,0.0,1,1,1,2113.57,0,0,0,0,0,0
5,5,0,3,4164.35,0.19,791.23,4955.58,110,0,0,0,3,1,0,1,50,791.23,0.0,1,1,1,4164.35,0,0,0,0,0,1
3,3,22,2,352.72,0.19,67.02,419.74,12,440,0,0,2,1,1,1,100,67.02,0.0,1,1,1,352.72,0,0,0,0,0,0
0,4,54,0,828.31,0.07,57.98,886.29,192,1024,0,0,1,1,1,1,50,57.98,0.0,1,0,0,0.0,0,0,0,0,0,0
7,1,34,0,3605.63,0.05,180.28,3785.91,177,762,1732,0,0,1,0,1,100,180.28,0.0,1,0,0,0.0,0,0,0,0,0,0
4,3,5,2,1498.51,0.21,314.69,1813.2,517,506,0,0,2,1,1,1,100,314.69,0.0,1,1,1,1498.51,0,0,0,0,0,0
2,3,0,1,2049.88,0.19,389.48,2439.36,122,676,0,0,2,1,1,1,100,389.48,0.0,0,0,0,0.0,0,0,0,0,0,1
3,4,2,0,212.54,0.07,14.88,227.42,530,233,0,0,1,1,1,1,50,14.88,0.0,1,1,1,212.54,0,0,0,0,0,0
4,0,7,0,4473.74,0.21,939.49,5413.23,308,575,0,0,1,1,1,1,50,939.49,0.0,1,1,1,4473.74,0,0,0,0,0,0
4,1,0,0,2569.53,0.05,128.48,2698.01,12,158,2448,0,0,1,0,1,100,128.48,0.0,1,1,1,2569.53,0,0,0,0,0,1
5,0,16,0,3204.1,0.19,608.78,3812.88,418,687,2311,0,1,1,1,1,50,608.78,0.0,1,1,1,3204.1,0,0,0,0,0,0
2,1,32,0,712.42,0.07,49.87,762.29,194,708,1890,0,0,1,0,1,100,49.87,0.0,1,1,1,712.42,0,0,0,0,0,0
7,3,8,2,3355.09,0.21,704.57,4059.66,274,277,726,0,2,1,1,1,100,704.57,0.0,1,1,1,3355.09,0,0,0,0,0,0
6,2,8,0,2130.16,0.07,149.11,2279.27,394,877,0,0,0,0,1,1,50,149.11,0.0,1,1,1,2130.16,0,0,0,0,0,0
4,4,38,0,1108.72,0.21,232.83,1341.55,595,236,2290,0,1,1,1,1,50,232.83,0.0,1,0,0,0.0,0,0,0,0,0,0
6,5,4,3,4480.68,0.05,224.03,4704.71,110,705,0,0,3,1,0,1,50,224.03,0.0,1,0,0,0.0,0,0,0,0,0,0
2,5,51,3,2863.74,0.19,544.11,3407.85,736,472,0,0,3,1,0,1,50,544.11,0.0,1,0,0,0.0,0,0,0,0,0,0
0,3,42,2,1193.73,0.19,226.81,1420.54,1087,946,481,0,2,1,1,1,100,226.81,0.0,1,1,1,1193.73,0,0,0,0,0,0
5,5,44,3,250.19,0.07,17.51,267.7,534,611,0,0,3,1,0,1,50,17.51,0.0,1,0,0,0.0,0,0,0,0,0,0
7,2,19,0,3222.03,0.2,644.41,3866.44,571,383,2369,0,0,0,1,1,50,644.41,0.0,1,1,1,3222.03,0,0,0,0,0,0
6,1,17,0,3780.66,0.05,189.03,3969.69,779,405,312,0,0,1,0,1,100,189.03,0.0,1,0,0,0.0,0,0,0,0,0,0
5,3,34,2,3734.23,0.21,784.19,4518.42,0,105,0,0,2,1,1,1,100,784.19,0.0,1,1,1,3734.23,0,0,0,0,0,0
0,5,47,1,3950.66,0.19,750.63,4701.29,0,339,0,0,3,1,0,1,50,750.63,0.0,0,0,0,0.0,0,0,0,0,0,0
1,3,31,2,727.93,0.2,145.59,873.52,721,1022,0,0,2,1,1,1,100,145.59,0.0,1,1,1,727.93,0,0,0,0,0,0
4,1,0,1,334.72,0.05,16.74,351.46,655,791,469,0,0,1,0,1,100,16.74,0.0,0,0,0,0.0,0,0,0,0,0,1
7,2,14,0,2703.1,0.21,567.65,3270.75,699,0,0,0,0,0,1,1,50,567.65,0.0,1,1,1,2703.1,0,0,0,0,0,0
1,3,38,2,3814.79,0.19,724.81,4539.6,514,857,0,0,2,1,1,1,100,724.81,0.0,1,1,1,3814.79,0,0,0,0,0,0
0,3,16,2,374.29,0.2,74.86,449.15,605,166,0,0,2,1,1,1,100,74.86,0.0,1,1,1,374.29,0,0,0,0,0,0
3,4,33,0,4954.82,0.19,941.42,5896.24,1043,774,400,0,1,1,1,1,50,941.42,0.0,1,1,1,4954.82,0,0,0,0,0,0
7,5,46,3,2674.16,0.05,133.71,2807.87,0,311,0,0,3,1,0,1,50,133.71,0.0,1,0,0,0.0,0,0,0,0,0,0
4,0,9,0,3130.16,0.19,594.73,3724.89,228,126,0,0,1,1,1,1,50,594.73,0.0,1,1,1,3130.16,0,0,0,0,0,0
4,0,19,0,2247.31,0.07,157.31,2404.62,0,0,253,0,1,1,1,1,50,157.31,0.0,1,1,1,2247.31,0,0,1,0,0,1
7,2,3,0,1063.84,0.21,223.41,1287.25,0,1018,0,0,0,0,1,1,50,223.41,0.0,1,1,1,1063.84,0,0,0,0,0,0
5,3,8,2,3569.2,0.21,760.46,4318.73,304,0,0,0,2,1,1,1,100,749.53,10.93,1,0,0,0.0,0,0,0,0,0,0
7,0,21,0,2572.59,0.2,514.52,3087.11,154,167,0,0,1,1,1,1,50,514.52,0.0,1,1,1,2572.59,0,0,0,0,0,0
6,1,43,0,1684.48,0.19,320.05,2004.53,467,132,0,0,0,1,0,1,100,320.05,0.0,1,0,0,0.0,0,0,0,0,0,0
2,2,14,0,3352.62,0.05,167.63,3520.25,186,86,1288,0,0,0,1,1,50,167.63,0.0,1,1,1,3352.62,0,0,0,0,0,0
1,1,5,0,1437.2,0.07,100.6,1537.8,43,558,0,0,0,1,0,1,100,100.6,0.0,1,1,1,1437.2,0,0,0,0,0,0
3,5,0,3,3548.48,0.07,248.39,3796.87,309,294,0,0,3,1,0,1,50,248.39,0.0,1,0,0,0.0,0,0,0,0,0,1
5,0,18,0,3740.42,0.05,187.02,3927.44,0,90,0,0,1,1,1,1,50,187.02,0.0,1,1,1,3740.42,0,0,0,0,0,0
4,1,16,0,4728.28,0.2,945.66,5673.94,0,721,2193,0,0,1,0,1,100,945.66,0.0,1,0,0,0.0,0,0,0,0,0,0
7,2,8,0,4525.68,0.07,316.8,4842.48,652,105,0,0,0,0,1,1,50,316.8,0.0,1,1,1,4525.68,0,0,0,0,0,0
3,2,14,0,3361.52,0.05,168.08,3529.6,761,765,0,0,0,0,1,1,50,168.08,0.0,1,1,1,3361.52,0,0,0,0,0,0
2,1,9,1,467.56,0.07,61.98,500.29,181,876,0,0,0,1,0,1,100,32.73,29.25,0,0,0,0.0,0,0,0,0,0,0
1,1,50,0,3838.43,0.19,729.3,4567.73,463,0,451,0,0,1,0,1,100,729.3,0.0,1,0,0,0.0,0,0,0,0,0,0
2,4,46,0,2173.66,0.07,152.16,2325.82,0,831,785,0,1,1,1,1,50,152.16,0.0,1,0,0,0.0,0,0,0,0,0,0
4,4,25,0,807.6,0.19,153.44,961.04,0,948,0,0,1,1,1,1,50,153.44,0.0,1,0,0,0.0,0,0,0,0,0,0
6,2,12,0,3673.55,0.2,734.71,4408.26,620,605,272,0,0,0,1,1,50,734.71,0.0,1,1,1,3673.55,0,0,0,0,0,0
6,4,48,1,1413.34,0.2,282.67,1696.01,0,500,1868,0,1,1,1,1,50,282.67,0.0,0,0,0,0.0,0,0,0,0,0,0
5,4,4,0,3877.58,0.2,775.52,4653.1,1070,347,2166,0,1,1,1,1,50,775.52,0.0,1,0,0,0.0,0,0,0,0,0,0
4,5,55,3,2942.46,0.05,147.12,3089.58,154,225,0,0,3,1,0,1,50,147.12,0.0,1,0,0,0.0,0,0,0,0,0,0
7,2,50,0,3294.53,0.07,230.62,3525.15,351,844,0,0,0,0,1,1,50,230.62,0.0,1,1,1,3294.53,0,0,0,0,0,0
1,0,4,0,1368.99,0.2,273.8,1642.79,740,295,273,0,1,1,1,1,50,273.8,0.0,1,1,1,1368.99,0,0,0,0,0,0
0,3,4,2,3730.39,0.19,708.77,4439.16,1065,309,2324,0,2,1,1,1,100,708.77,0.0,1,1,1,3730.39,0,0,0,0,0,0
5,5,11,3,4661.95,0.2,932.39,5594.34,212,249,0,0,3,1,0,1,50,932.39,0.0,1,0,0,0.0,0,0,0,0,0,0
4,3,40,2,3515.17,0.19,667.88,4183.05,768,0,2503,0,2,1,1,1,100,667.88,0.0,1,1,1,3515.17,0,0,0,0,0,0
7,5,21,3,4929.89,0.21,1035.28,5965.17,165,529,0,0,3,1,0,1,50,1035.28,0.0,1,0,0,0.0,0,0,0,0,0,0
0,5,46,3,343.17,0.07,24.02,367.19,766,796,536,0,3,1,0,1,50,24.02,0.0,1,0,0,0.0,0,0,0,0,0,0
6,3,44,2,2161.39,0.07,151.3,2312.69,428,700,0,0,2,1,1,1,100,151.3,0.0,1,1,1,2161.39,0,0,0,0,0,0
6,3,0,2,2461.94,0.07,211.24,2634.28,50,0,1291,0,2,1,1,1,100,172.34,38.9,1,0,0,0.0,0,0,0,0,0,1
4,1,0,0,-2235.09,0.19,-424.67,-2659.76,0,607,801,0,0,1,0,1,100,-424.67,0.0,1,0,0,0.0,0,0,0,0,0,1
0,3,59,2,3374.09,0.2,674.82,4048.91,681,731,0,0,2,1,1,1,100,674.82,0.0,1,1,1,3374.09,0,0,0,0,0,0
1,3,0,1,1848.39,0.07,129.39,1977.78,0,206,0,0,2,1,1,1,100,129.39,0.0,0,1,1,1848.39,0,0,0,0,0,1
1,2,42,0,2111.64,0.19,401.21,2512.85,565,350,0,0,0,0,1,1,50,401.21,0.0,1,1,1,2111.64,0,0,0,0,0,0
0,1,53,0,3453.8,0.21,725.3,4179.1,118,946,0,0,0,1,0,1,100,725.3,0.0,1,0,0,0.0,0,0,0,0,0,0
1,0,39,0,2777.02,0.21,583.17,3360.19,318,692,0,0,1,1,1,1,50,583.17,0.0,1,1,1,2777.02,0,0,0,0,0,0
4,1,26,1,644.46,0.05,32.22,676.68,32,911,0,0,0,1,0,1,100,32.22,0.0,0,1,1,644.46,0,0,0,0,0,0
0,2,31,0,2547.79,0.05,127.39,2675.18,46,38,2571,0,0,0,1,1,50,127.39,0.0,1,1,1,2547.79,0,0,0,0,0,0
7,5,11,3,4167.37,0.19,791.8,4959.17,840,226,0,0,3,1,0,1,50,791.8,0.0,1,0,0,0.0,0,0,0,0,0,0
0,2,29,1,2101.28,0.07,147.09,2248.37,801,310,750,0,0,0,1,1,50,147.09,0.0,0,1,1,2101.28,0,0,0,0,0,0
0,3,0,2,1171.03,0.19,271.05,1393.53,134,0,0,0,2,1,1,1,100,222.5,48.55,1,1,1,1171.03,0,0,0,0,0,1
3,0,29,0,4550.59,0.05,227.53,4778.12,103,605,0,0,1,1,1,1,50,227.53,0.0,1,1,1,4550.59,0,0,0,0,0,0
4,0,22,0,3016.34,0.19,573.1,3589.44,290,0,2372,0,1,1,1,1,50,573.1,0.0,1,1,1,3016.34,0,0,0,0,0,0
6,2,21,0,2709.9,0.19,514.88,3224.78,351,648,468,0,0,0,1,1,50,514.88,0.0,1,1,1,2709.9,0,0,0,0,0,0
1,1,18,0,1887.71,0.21,396.42,2284.13,0,295,0,0,0,1,0,1,100,396.42,0.0,1,0,0,0.0,0,0,0,0,0,0
4,3,0,1,3446.8,0.19,654.89,4101.69,0,969,592,0,2,1,1,1,100,654.89,0.0,0,1,1,3446.8,0,0,0,0,0,1
4,1,48,0,4602.21,0.07,322.15,4924.36,119,646,1654,0,0,1,0,1,100,322.15,0.0,1,0,0,0.0,0,0,0,0,0,0
6,2,50,0,1261.32,0.07,88.29,1349.61,1122,488,0,0,0,0,1,1,50,88.29,0.0,1,1,1,1261.32,0,0,0,0,0,0
6,3,0,2,1979.09,0.05,98.95,2078.04,584,447,0,0,2,1,1,1,100,98.95,0.0,1,1,1,1979.09,0,0,0,0,0,0
0,3,51,2,2514.6,0.21,528.07,3042.67,336,671,954,0,2,1,1,1,100,528.07,0.0,1,1,1,2514.6,0,0,0,0,0,0
3,0,37,0,2987.05,0.19,567.54,3554.59,207,848,0,0,1,1,1,1,50,567.54,0.0,1,1,1,2987.05,0,0,0,0,0,0
6,2,23,0,1493.47,0.19,283.76,1777.23,471,249,0,0,0,0,1,1,50,283.76,0.0,1,1,1,1493.47,0,0,0,0,0,0
6,4,51,0,3722.98,0.2,744.6,4467.58,417,0,960,0,1,1,1,1,50,744.6,0.0,1,0,0,0.0,0,0,0,0,0,0
0,4,3,0,1260.05,0.19,239.41,1499.46,1108,361,0,0,1,1,1,1,50,239.41,0.0,1,1,1,1260.05,0,0,0,0,0,0
5,2,13,0,4987.91,0.07,349.15,5337.06,0,0,614,0,0,0,1,1,50,349.15,0.0,1,1,1,4987.91,0,0,0,0,0,0
5,0,10,0,3183.11,0.2,636.62,3819.73,0,132,0,0,1,1,1,1,50,636.62,0.0,1,1,1,3183.11,0,0,0,0,0,0
1,2,45,0,2981.15,0.2,596.23,3577.38,303,904,0,0,0,0,1,1,50,596.23,0.0,1,1,1,2981.15,0,0,0,0,0,0
1,2,27,0,2889.17,0.21,606.73,3495.9,1064,779,0,0,0,0,1,1,50,606.73,0.0,1,1,1,2889.17,0,0,0,0,0,0
1,0,14,0,4980.17,0.05,249.01,5229.18,104,488,0,0,1,1,1,1,50,249.01,0.0,1,1,1,4980.17,0,0,0,0,0,0
0,4,14,0,4652.49,0.21,977.02,5629.51,267,137,0,0,1,1,1,1,50,977.02,0.0,1,1,1,4652.49,0,0,0,0,0,0
4,4,0,1,2298.33,0.07,160.88,2459.21,636,696,0,0,1,1,1,1,50,160.88,0.0,0,0,0,0.0,0,0,0,0,0,1
4,5,0,1,431.67,0.2,125.0,518.0,143,962,2169,0,3,1,0,1,50,86.33,38.67,0,0,0,0.0,0,0,0,0,0,1
2,3,28,2,3389.16,0.19,643.94,4033.1,29,969,1603,0,2,1,1,1,100,643.94,0.0,1,1,1,3389.16,0,0,0,0,0,0
1,4,50,0,2020.22,0.21,424.25,2444.47,555,0,2151,0,1,1,1,1,50,424.25,0.0,1,1,1,2020.22,0,0,0,0,0,0
4,3,54,2,3729.72,0.05,186.49,3916.21,118,583,969,0,2,1,1,1,100,186.49,0.0,1,1,1,3729.72,0,0,0,0,0,0
6,2,39,0,417.65,0.07,29.24,446.89,242,544,0,0,0,0,1,1,50,29.24,0.0,1,1,1,417.65,0,0,0,0,0,0
4,3,45,2,2469.18,0.21,518.53,2987.71,87,558,0,0,2,1,1,1,100,518.53,0.0,1,1,1,2469.18,0,0,0,0,0,0
5,3,40,2,4894.77,0.21,1027.9,5922.67,159,0,0,0,2,1,1,1,100,1027.9,0.0,1,1,1,4894.77,0,0,1,0,0,1
4,4,0,1,2875.16,0.21,603.78,3478.94,708,180,0,0,1,1,1,1,50,603.78,0.0,0,0,0,0.0,0,0,0,0,0,1
0,4,25,0,2174.59,0.07,152.22,2326.81,683,1000,0,0,1,1,1,1,50,152.22,0.0,1,0,0,0.0,0,0,0,0,0,0
4,5,23,3,2426.54,0.19,461.04,2887.58,373,1009,1737,0,3,1,0,1,50,461.04,0.0,1,0,0,0.0,0,0,0,0,0,0
1,4,29,0,4073.33,0.19,773.93,4847.26,122,676,0,0,1,1,1,1,50,773.93,0.0,1,0,0,0.0,0,0,0,0,0,0
6,0,58,0,1708.23,0.21,358.73,2066.96,163,978,2625,0,1,1,1,1,50,358.73,0.0,1,1,1,1708.23,0,0,0,0,0,0
3,1,11,0,1135.03,0.2,227.01,1362.04,1093,389,0,0,0,1,0,1,100,227.01,0.0,1,1,1,1135.03,0,0,0,0,0,0
6,5,58,3,204.27,0.19,38.81,243.08,373,313,0,0,3,1,0,1,50,38.81,0.0,1,0,0,0.0,0,0,0,0,0,0
2,2,26,0,673.02,0.2,134.6,807.62,422,458,0,0,0,0,1,1,50,134.6,0.0,1,1,1,673.02,0,0,0,0,0,0
7,5,54,3,3212.54,0.2,642.51,3855.05,710,897,1145,0,3,1,0,1,50,642.51,0.0,1,0,0,0.0,0,0,0,0,0,0
3,0,38,1,320.69,0.05,16.03,336.72,0,95,0,0,1,1,1,1,50,16.03,0.0,0,1,1,320.69,0,0,0,0,0,0
2,5,0,3,4383.29,0.21,920.49,5303.78,1126,1030,0,0,3,1,0,1,50,920.49,0.0,1,0,0,0.0,0,0,0,0,0,0
2,1,1,0,2241.76,0.19,425.93,2667.69,126,0,0,0,0,1,0,1,100,425.93,0.0,1,1,1,2241.76,0,0,0,0,0,0
5,2,4,0,2076.9,0.2,415.38,2492.28,698,519,0,0,0,0,1,1,50,415.38,0.0,1,1,1,2076.9,0,0,0,0,0,0
0,1,37,0,2667.49,0.07,186.72,2854.21,0,430,0,0,0,1,0,1,100,186.72,0.0,1,1,1,2667.49,0,0,0,0,0,0
7,1,34,0,1433.52,0.21,301.04,1734.56,1136,314,0,0,0,1,0,1,100,301.04,0.0,1,1,1,1433.52,0,0,0,0,0,0
2,0,42,0,1849.13,0.21,388.32,2237.45,29,314,0,0,1,1,1,1,50,388.32,0.0,1,1,1,1849.13,0,0,0,0,0,0
7,2,52,1,1577.8,0.21,331.34,1909.14,0,0,0,0,0,0,1,1,50,331.34,0.0,0,1,1,1577.8,0,0,0,0,0,0
6,2,0,1,4448.95,0.2,889.79,5338.74,238,1,0,0,0,0,1,1,50,889.79,0.0,0,1,1,4448.95,0,0,0,0,0,1
7,3,43,2,1887.69,0.05,94.38,1982.07,591,0,0,0,2,1,1,1,100,94.38,0.0,1,1,1,1887.69,0,0,0,0,0,0
5,2,4,0,2252.04,0.05,112.6,2364.64,0,447,0,0,0,0,1,1,50,112.6,0.0,1,1,1,2252.04,0,0,0,0,0,0
4,2,0,0,3874.36,0.07,271.21,4145.57,577,689,2429,0,0,0,1,1,50,271.21,0.0,1,1,1,3874.36,0,0,0,0,0,0
2,5,19,3,1882.91,0.21,395.41,2278.32,718,328,0,0,3,1,0,1,50,395.41,0.0,1,0,0,0.0,0,0,0,0,0,0
1,2,53,0,1180.31,0.19,224.26,1404.57,0,112,2087,0,0,0,1,1,50,224.26,0.0,1,1,1,1180.31,0,0,0,0,0,0
4,0,57,0,529.06,0.2,105.81,634.87,44,953,0,0,1,1,1,1,50,105.81,0.0,1,1,1,529.06,0,0,0,0,0,0
5,0,21,0,1380.06,0.19,262.21,1642.27,34,469,2037,0,1,1,1,1,50,262.21,0.0,1,1,1,1380.06,0,0,0,0,0,0
6,1,6,0,3333.31,0.21,700.0,4033.31,418,0,1089,0,0,1,0,1,100,700.0,0.0,1,1,1,3333.31,0,0,0,0,0,0
5,2,58,0,2477.02,0.2,495.4,2972.42,575,969,0,0,0,0,1,1,50,495.4,0.0,1,1,1,2477.02,0,0,0,0,0,0
3,4,2,0,4661.45,0.07,326.3,4987.75,534,704,0,0,1,1,1,1,50,326.3,0.0,1,0,0,0.0,0,0,0,0,0,0
3,5,32,3,1478.46,0.05,73.92,1552.38,246,41,0,0,3,1,0,1,50,73.92,0.0,1,0,0,0.0,0,0,0,0,0,0
4,1,0,0,3499.58,0.07,244.97,3744.55,524,956,0,0,0,1,0,1,100,244.97,0.0,1,0,0,0.0,0,0,0,0,0,1
0,0,25,0,3627.37,0.05,181.37,3808.74,691,469,0,0,1,1,1,1,50,181.37,0.0,1,1,1,3627.37,0,0,0,0,0,0
4,5,42,3,4228.08,0.21,887.9,5115.98,369,611,0,0,3,1,0,1,50,887.9,0.0,1,0,0,0.0,0,0,0,0,0,0
7,5,2,3,1762.42,0.19,334.86,2097.28,724,845,2630,0,3,1,0,1,50,334.86,0.0,1,0,0,0.0,0,0,0,0,0,0
5,0,29,0,3515.91,0.2,703.18,4219.09,0,689,361,0,1,1,1,1,50,703.18,0.0,1,1,1,3515.91,0,0,0,0,0,0
0,0,50,0,2694.54,0.05,134.73,2829.27,517,132,0,0,1,1,1,1,50,134.73,0.0,1,1,1,2694.54,0,0,0,0,0,0
7,2,31,0,714.33,0.2,142.87,857.2,0,787,0,0,0,0,1,1,50,142.87,0.0,1,1,1,714.33,0,0,0,0,0,0
7,3,25,2,2945.11,0.19,559.57,3504.68,0,428,0,0,2,1,1,1,100,559.57,0.0,1,1,1,2945.11,0,0,0,0,0,0
0,2,0,0,1518.69,0.21,318.92,1837.61,0,389,0,0,0,0,1,1,50,318.92,0.0,1,0,0,0.0,0,0,0,0,0,1
2,2,1,1,2572.71,0.21,540.27,3112.98,401,177,0,0,0,0,1,1,50,540.27,0.0,0,1,1,2572.71,0,0,0,0,0,0
6,4,29,0,2044.48,0.07,143.11,2187.59,477,0,0,0,1,1,1,1,50,143.11,0.0,1,1,1,2044.48,0,0,0,0,0,0
0,1,47,0,4584.18,0.21,962.68,5546.86,51,366,0,0,0,1,0,1,100,962.68,0.0,1,1,1,4584.18,0,0,0,0,0,0
3,5,25,1,616.46,0.2,123.29,739.75,0,857,0,0,3,1,0,1,50,123.29,0.0,0,0,0,0.0,0,0,0,0,0,0
4,0,47,0,4199.09,0.21,881.81,5080.9,307,694,0,0,1,1,1,1,50,881.81,0.0,1,0,0,0.0,0,0,0,0,0,0
6,4,4,0,2474.97,0.19,470.24,2945.21,0,411,0,0,1,1,1,1,50,470.24,0.0,1,0,0,0.0,0,0,0,0,0,0
5,0,44,0,160.33,0.2,32.07,192.4,1125,633,0,0,1,1,1,1,50,32.07,0.0,1,1,1,160.33,0,0,0,0,0,0
3,1,4,0,955.49,0.07,66.88,1022.37,0,0,0,0,0,1,0,1,100,66.88,0.0,1,0,0,0.0,0,0,0,0,0,0
5,3,4,2,613.35,0.21,128.8,742.15,453,361,2096,0,2,1,1,1,100,128.8,0.0,1,1,1,613.35,0,0,0,0,0,0
6,0,56,0,4781.79,0.07,334.73,5116.52,412,199,2560,0,1,1,1,1,50,334.73,0.0,1,1,1,4781.79,0,0,0,0,0,0
7,0,0,1,4623.82,0.05,231.19,4855.01,240,0,0,0,1,1,1,1,50,231.19,0.0,0,1,1,4623.82,0,0,1,0,0,2
0,4,33,0,4670.62,0.05,233.53,4904.15,1118,0,0,0,1,1,1,1,50,233.53,0.0,1,0,0,0.0,0,0,0,0,0,0
1,3,47,2,2268.37,0.07,158.79,2427.16,1095,0,0,0,2,1,1,1,100,158.79,0.0,1,1,1,2268.37,0,0,0,0,0,0
2,2,0,0,2934.96,0.07,205.45,3140.41,94,536,0,0,0,0,1,1,50,205.45,0.0,1,1,1,2934.96,0,0,0,0,0,1
2,5,19,3,4000.85,0.2,800.17,4801.02,368,915,0,0,3,1,0,1,50,800.17,0.0,1,0,0,0.0,0,0,0,0,0,0
5,1,55,1,4144.09,0.2,828.82,4972.91,38,1016,0,0,0,1,0,1,100,828.82,0.0,0,0,0,0.0,0,0,0,0,0,0
5,0,51,0,3020.67,0.07,211.45,3232.12,741,1004,0,0,1,1,1,1,50,211.45,0.0,1,1,1,3020.67,0,0,0,0,0,0
0,4,24,0,649.45,0.21,136.38,785.83,196,331,0,0,1,1,1,1,50,136.38,0.0,1,0,0,0.0,0,0,0,0,0,0
4,1,21,0,2731.32,0.19,518.95,3250.27,0,486,0,0,0,1,0,1,100,518.95,0.0,1,0,0,0.0,0,0,0,0,0,0
7,0,46,0,951.13,0.19,180.71,1131.84,0,310,1966,0,1,1,1,1,50,180.71,0.0,1,1,1,951.13,0,0,0,0,0,0
2,3,42,2,1861.43,0.19,353.67,2215.1,766,413,0,0,2,1,1,1,100,353.67,0.0,1,1,1,1861.43,0,0,0,0,0,0
1,3,57,2,166.69,0.2,33.34,200.03,594,749,0,0,2,1,1,1,100,33.34,0.0,1,1,1,166.69,0,0,0,0,0,0
4,0,22,0,4406.19,0.07,308.43,4714.62,0,0,0,0,1,1,1,1,50,308.43,0.0,1,1,1,4406.19,0,0,0,0,0,0
6,0,56,0,2160.57,0.05,108.03,2268.6,736,543,0,0,1,1,1,1,50,108.03,0.0,1,1,1,2160.57,0,0,0,0,0,0
7,0,49,0,1701.69,0.05,85.08,1786.77,1022,454,0,0,1,1,1,1,50,85.08,0.0,1,1,1,1701.69,0,0,0,0,0,0
5,2,11,0,4949.49,0.19,940.4,5889.89,1131,0,0,0,0,0,1,1,50,940.4,0.0,1,1,1,4949.49,0,0,0,0,0,0
5,4,47,0,563.01,0.05,56.11,591.16,235,285,0,0,1,1,1,1,50,28.15,27.96,1,0,0,0.0,0,0,0,0,0,0
2,3,38,2,4614.08,0.19,876.68,5490.76,665,880,563,0,2,1,1,1,100,876.68,0.0,1,1,1,4614.08,0,0,0,0,0,0
2,5,6,3,460.65,0.05,23.03,483.68,174,37,0,0,3,1,0,1,50,23.03,0.0,1,0,0,0.0,0,0,0,0,0,0
4,2,0,0,4032.59,0.07,282.28,4314.87,0,520,1814,0,0,0,1,1,50,282.28,0.0,1,1,1,4032.59,0,0,0,0,0,1
7,1,0,0,835.35,0.07,58.47,893.82,61,144,494,0,0,1,0,1,100,58.47,0.0,1,1,1,835.35,0,0,0,0,0,1
4,2,3,0,2947.49,0.07,206.32,3153.81,763,316,0,0,0,0,1,1,50,206.32,0.0,1,1,1,2947.49,0,0,0,0,0,0
1,1,38,1,1899.32,0.05,94.97,1994.29,0,213,0,0,0,1,0,1,100,94.97,0.0,0,1,1,1899.32,0,0,0,0,0,0
1,3,1,2,4926.64,0.19,936.06,5862.7,0,270,0,0,2,1,1,1,100,936.06,0.0,1,1,1,4926.64,0,0,0,0,0,0
1,3,53,2,4323.15,0.05,216.16,4539.31,388,37,0,0,2,1,1,1,100,216.16,0.0,1,1,1,4323.15,0,0,0,0,0,0
6,0,49,0,896.16,0.19,170.27,1066.43,218,10,0,0,1,1,1,1,50,170.27,0.0,1,1,1,896.16,0,0,0,0,0,0
0,3,55,2,4834.15,0.2,966.83,5800.98,555,129,0,0,2,1,1,1,100,966.83,0.0,1,1,1,4834.15,0,0,0,0,0,0
7,5,34,3,2909.49,0.05,145.47,3054.96,687,354,0,0,3,1,0,1,50,145.47,0.0,1,0,0,0.0,0,0,0,0,0,0
0,1,43,0,1824.23,0.05,91.21,1915.44,75,911,32,0,0,1,0,1,100,91.21,0.0,1,1,1,1824.23,0,0,0,0,0,0
1,5,58,3,4426.37,0.05,258.2,4647.69,393,323,0,0,3,1,0,1,50,221.32,36.88,1,1,1,4426.37,0,0,0,0,0,0
6,2,0,0,4299.72,0.21,902.94,5202.66,389,109,0,0,0,0,1,1,50,902.94,0.0,1,1,1,4299.72,0,0,0,0,0,1
6,2,23,0,1371.69,0.05,68.58,1440.27,574,235,0,0,0,0,1,1,50,68.58,0.0,1,1,1,1371.69,0,0,0,0,0,0
1,5,24,3,3927.62,0.05,196.38,4124.0,122,507,0,0,3,1,0,1,50,196.38,0.0,1,0,0,0.0,0,0,0,0,0,0
3,0,17,0,1108.3,0.07,77.58,1185.88,354,328,0,0,1,1,1,1,50,77.58,0.0,1,1,1,1108.3,0,0,0,0,0,0
5,1,42,0,-3328.5,0.2,-665.7,-3994.2,665,13,2554,0,0,1,0,1,100,-665.7,0.0,1,0,0,0.0,0,0,0,0,0,0
7,0,1,0,3737.48,0.05,186.87,3924.35,11,668,0,0,1,1,1,1,50,186.87,0.0,1,1,1,3737.48,0,0,0,0,0,0
5,0,44,0,579.2,0.19,110.05,689.25,1067,66,0,0,1,1,1,1,50,110.05,0.0,1,1,1,579.2,0,0,0,0,0,0
3,2,32,0,4242.96,0.2,848.59,5091.55,0,837,0,0,0,0,1,1,50,848.59,0.0,1,1,1,4242.96,0,0,0,0,0,0
2,4,32,0,2944.39,0.19,559.43,3503.82,734,48,0,0,1,1,1,1,50,559.43,0.0,1,1,1,2944.39,0,0,0,0,0,0
1,5,0,3,3486.05,0.07,244.02,3730.07,1104,793,0,0,3,1,0,1,50,244.02,0.0,1,0,0,0.0,0,0,0,0,0,0
1,5,25,3,3200.41,0.05,160.02,3360.43,656,145,0,0,3,1,0,1,50,160.02,0.0,1,0,0,0.0,0,0,0,0,0,0
2,3,0,2,2319.06,0.2,463.81,2782.87,101,629,0,0,2,1,1,1,100,463.81,0.0,1,1,1,2319.06,0,0,0,0,0,1
0,0,44,0,2493.42,0.2,498.68,2992.1,316,653,1299,0,1,1,1,1,50,498.68,0.0,1,1,1,2493.42,0,0,0,0,0,0
1,1,57,0,2216.89,0.21,465.55,2682.44,561,935,472,0,0,1,0,1,100,465.55,0.0,1,1,1,2216.89,0,0,0,0,0,0
1,3,8,2,4199.75,0.05,209.99,4409.74,334,712,0,0,2,1,1,1,100,209.99,0.0,1,1,1,4199.75,0,0,0,0,0,0
4,3,20,2,504.77,0.05,25.24,530.01,165,497,0,0,2,1,1,1,100,25.24,0.0,1,1,1,504.77,0,0,0,0,0,0
5,5,23,3,3714.98,0.19,705.85,4420.83,387,497,97,0,3,1,0,1,50,705.85,0.0,1,0,0,0.0,0,0,0,0,0,0
5,5,27,3,2467.15,0.21,518.1,2985.25,402,413,0,0,3,1,0,1,50,518.1,0.0,1,0,0,0.0,0,0,0,0,0,0
0,2,12,0,2576.1,0.2,515.22,3091.32,119,915,0,0,0,0,1,1,50,515.22,0.0,1,1,1,2576.1,0,0,0,0,0,0
7,2,48,0,4322.99,0.05,216.15,4539.14,1065,460,0,0,0,0,1,1,50,216.15,0.0,1,1,1,4322.99,0,0,0,0,0,0
7,3,27,2,4984.78,0.05,249.24,5234.02,0,236,1017,0,2,1,1,1,100,249.24,0.0,1,1,1,4984.78,0,0,0,0,0,0
5,0,10,0,3053.11,0.21,641.15,3694.26,848,0,0,0,1,1,1,1,50,641.15,0.0,1,1,1,3053.11,0,0,0,0,0,0
4,2,11,0,111.31,0.07,7.79,119.1,752,0,0,0,0,0,1,1,50,7.79,0.0,1,0,0,0.0,0,0,0,0,0,0
1,2,0,0,1028.45,0.07,71.99,1100.44,124,354,0,0,0,0,1,1,50,71.99,0.0,1,1,1,1028.45,0,0,0,0,0,1
6,5,16,3,4328.3,0.07,302.98,4631.28,613,330,1516,0,3,1,0,1,50,302.98,0.0,1,0,0,0.0,0,0,0,0,0,0
1,0,43,0,2252.51,0.07,157.68,2410.19,34,830,0,0,1,1,1,1,50,157.68,0.0,1,1,1,2252.51,0,0,0,0,0,0
4,3,23,2,803.02,0.05,40.15,843.17,1110,200,0,0,2,1,1,1,100,40.15,0.0,1,1,1,803.02,0,0,0,0,0,0
1,1,28,0,1884.27,0.21,395.7,2279.97,246,539,0,0,0,1,0,1,100,395.7,0.0,1,0,0,0.0,0,0,0,0,0,0
1,5,50,3,2355.63,0.19,447.57,2803.2,718,754,1109,0,3,1,0,1,50,447.57,0.0,1,0,0,0.0,0,0,0,0,0,0
6,5,44,3,725.53,0.07,87.01,776.32,0,404,1568,0,3,1,0,1,50,50.79,36.22,1,1,1,725.53,0,0,0,0,0,0
5,0,4,0,1019.85,0.05,50.99,1070.84,0,926,1269,0,1,1,1,1,50,50.99,0.0,1,1,1,1019.85,0,0,0,0,0,0
5,3,46,2,3586.18,0.05,179.31,3765.49,489,913,0,0,2,1,1,1,100,179.31,0.0,1,1,1,3586.18,0,0,0,0,0,0
1,4,9,0,4541.11,0.21,953.63,5494.74,1013,929,0,0,1,1,1,1,50,953.63,0.0,1,1,1,4541.11,0,0,0,0,0,0
3,1,46,1,4711.53,0.21,989.42,5700.95,165,647,0,0,0,1,0,1,100,989.42,0.0,0,1,1,4711.53,0,0,0,0,0,0
5,1,52,0,1105.0,0.21,232.05,1337.05,464,77,1127,0,0,1,0,1,100,232.05,0.0,1,1,1,1105.0,0,0,0,0,0,0
2,0,20,0,788.74,0.05,39.44,828.18,204,185,0,0,1,1,1,1,50,39.44,0.0,1,1,1,788.74,0,0,0,0,0,0
0,1,0,0,1577.82,0.21,331.34,1909.16,0,0,0,0,0,1,0,1,100,331.34,0.0,1,1,1,1577.82,0,0,0,0,0,1
1,5,56,3,569.02,0.07,39.83,608.85,757,1000,0,0,3,1,0,1,50,39.83,0.0,1,0,0,0.0,0,0,0,0,0,0
2,2,59,0,252.75,0.2,50.55,303.3,0,0,0,0,0,0,1,1,50,50.55,0.0,1,1,1,252.75,0,0,0,0,0,0
3,1,24,0,737.83,0.07,51.65,789.48,120,77,0,0,0,1,0,1,100,51.65,0.0,1,0,0,0.0,0,0,0,0,0,0
4,3,56,2,3294.36,0.07,230.61,3524.97,0,978,0,0,2,1,1,1,100,230.61,0.0,1,1,1,3294.36,0,0,0,0,0,0
4,3,27,2,4878.9,0.07,341.52,5220.42,0,845,0,0,2,1,1,1,100,341.52,0.0,1,1,1,4878.9,0,0,0,0,0,0
6,4,39,0,2188.23,0.19,415.76,2603.99,500,0,0,0,1,1,1,1,50,415.76,0.0,1,0,0,0.0,0,0,1,0,0,1
2,0,18,0,3437.21,0.2,701.43,4124.65,1035,258,0,0,1,1,1,1,50,687.44,13.99,1,1,1,3437.21,0,0,0,0,0,0
4,0,38,0,4947.12,0.21,1038.9,5986.02,305,0,1094,0,1,1,1,1,50,1038.9,0.0,1,1,1,4947.12,0,0,1,0,0,1
1,4,20,0,379.65,0.2,75.93,455.58,0,172,0,0,1,1,1,1,50,75.93,0.0,1,1,1,379.65,0,0,0,0,0,0
2,0,33,0,3192.02,0.07,223.44,3415.46,537,648,0,0,1,1,1,1,50,223.44,0.0,1,1,1,3192.02,0,0,0,0,0,0
5,3,57,2,1505.3,0.19,286.01,1791.31,746,0,0,0,2,1,1,1,100,286.01,0.0,1,1,1,1505.3,0,0,1,0,0,1
3,4,0,0,-722.2,0.2,-144.44,-866.64,242,92,0,0,1,1,1,1,50,-144.44,0.0,1,0,0,0.0,0,0,0,0,0,1
2,0,38,0,2920.11,0.21,613.22,3533.33,329,705,0,0,1,1,1,1,50,613.22,0.0,1,1,1,2920.11,0,0,0,0,0,0
2,2,20,0,4090.78,0.07,286.35,4377.13,182,658,0,0,0,0,1,1,50,286.35,0.0,1,1,1,4090.78,0,0,0,0,0,0
2,5,1,1,3507.08,0.19,666.35,4173.43,556,304,0,0,3,1,0,1,50,666.35,0.0,0,0,0,0.0,0,0,0,0,0,0
6,5,7,3,2233.63,0.2,446.73,2680.36,316,769,2192,0,3,1,0,1,50,446.73,0.0,1,0,0,0.0,0,0,0,0,0,0
6,4,2,0,372.11,0.19,70.7,442.81,370,314,1817,0,1,1,1,1,50,70.7,0.0,1,1,1,372.11,0,0,0,0,0,0
2,5,23,3,4008.07,0.19,761.53,4769.6,615,964,0,0,3,1,0,1,50,761.53,0.0,1,1,1,4008.07,0,0,0,0,0,0
6,1,45,0,4631.3,0.05,231.57,4862.87,657,466,0,0,0,1,0,1,100,231.57,0.0,1,1,1,4631.3,0,0,0,0,0,0
2,0,35,0,3714.86,0.21,780.12,4494.98,118,294,0,0,1,1,1,1,50,780.12,0.0,1,1,1,3714.86,0,0,0,0,0,0
2,1,56,0,-1615.71,0.19,-306.98,-1922.69,734,326,0,0,0,1,0,1,100,-306.98,0.0,1,0,0,0.0,0,0,0,0,0,0
0,2,41,0,3154.02,0.2,630.8,3784.82,347,810,2595,0,0,0,1,1,50,630.8,0.0,1,1,1,3154.02,0,0,0,0,0,0
5,1,4,0,192.74,0.21,40.48,233.22,594,163,0,0,0,1,0,1,100,40.48,0.0,1,0,0,0.0,0,0,0,0,0,0
2,4,15,0,396.54,0.07,27.76,424.3,778,235,0,0,1,1,1,1,50,27.76,0.0,1,0,0,0.0,0,0,0,0,0,0
7,5,37,3,649.32,0.05,32.47,681.79,504,984,0,0,3,1,0,1,50,32.47,0.0,1,0,0,0.0,0,0,0,0,0,0
2,1,40,0,2874.11,0.21,603.56,3477.67,645,0,0,0,0,1,0,1,100,603.56,0.0,1,0,0,0.0,0,0,0,0,0,0
1,0,8,0,3196.57,0.19,607.35,3803.92,196,1001,0,0,1,1,1,1,50,607.35,0.0,1,1,1,3196.57,0,0,0,0,0,0
0,5,52,3,3906.78,0.07,273.47,4180.25,0,247,0,0,3,1,0,1,50,273.47,0.0,1,0,0,0.0,0,0,0,0,0,0
7,0,27,0,4820.7,0.05,241.03,5061.73,704,400,0,0,1,1,1,1,50,241.04,0.01,1,1,1,4820.7,0,0,0,0,0,0
5,1,43,1,1890.82,0.21,397.07,2287.89,0,644,0,0,0,1,0,1,100,397.07,0.0,0,1,1,1890.82,0,0,0,0,0,0
3,0,10,0,3200.3,0.19,608.06,3808.36,126,42,0,0,1,1,1,1,50,608.06,0.0,1,1,1,3200.3,0,0,0,0,0,0
3,3,1,2,4897.75,0.05,244.89,5142.64,111,0,1462,0,2,1,1,1,100,244.89,0.0,1,1,1,4897.75,0,0,0,0,0,0
4,3,5,2,3336.69,0.2,667.34,4004.03,191,0,2649,0,2,1,1,1,100,667.34,0.0,1,1,1,3336.69,0,0,0,0,0,0
1,2,24,0,3257.37,0.19,618.9,3876.27,422,787,0,0,0,0,1,1,50,618.9,0.0,1,1,1,3257.37,0,0,0,0,0,0
7,2,8,0,3363.79,0.2,672.76,4036.55,766,968,0,0,0,0,1,1,50,672.76,0.0,1,1,1,3363.79,0,0,0,0,0,0
3,2,5,0,321.9,0.07,22.53,344.43,158,528,0,0,0,0,1,1,50,22.53,0.0,1,1,1,321.9,0,0,0,0,0,0
1,3,40,2,700.83,0.07,49.06,749.89,96,946,0,0,2,1,1,1,100,49.06,0.0,1,1,1,700.83,0,0,0,0,0,0
6,2,22,0,3792.39,0.21,796.4,4588.79,656,806,616,0,0,0,1,1,50,796.4,0.0,1,1,1,3792.39,0,0,0,0,0,0
0,1,52,0,718.28,0.21,150.84,869.12,754,38,2198,0,0,1,0,1,100,150.84,0.0,1,0,0,0.0,0,0,0,0,0,0
1,3,39,2,3988.39,0.2,797.68,4786.07,1091,528,0,0,2,1,1,1,100,797.68,0.0,1,0,0,0.0,0,0,0,0,0,0
3,2,9,0,327.4,0.19,62.21,389.61,212,430,2183,0,0,0,1,1,50,62.21,0.0,1,1,1,327.4,0,0,0,0,0,0
1,2,0,0,1841.64,0.2,406.22,2209.97,0,670,272,0,0,0,1,1,50,368.33,37.89,1,0,0,0.0,0,0,0,0,0,0
4,1,30,0,3126.74,0.05,156.34,3283.08,0,1015,0,0,0,1,0,1,100,156.34,0.0,1,1,1,3126.74,0,0,0,0,0,0
1,1,0,0,1848.99,0.19,351.31,2200.3,1068,188,2022,0,0,1,0,1,100,351.31,0.0,1,1,1,1848.99,0,0,0,0,0,1
0,4,10,0,4998.47,0.19,949.71,5948.18,1102,779,49,0,1,1,1,1,50,949.71,0.0,1,1,1,4998.47,0,0,0,0,0,0
1,4,35,0,2687.06,0.07,188.09,2875.15,181,472,0,0,1,1,1,1,50,188.09,0.0,1,0,0,0.0,0,0,0,0,0,0
5,3,12,2,2947.24,0.19,559.98,3507.22,207,292,2097,0,2,1,1,1,100,559.98,0.0,1,1,1,2947.24,0,0,0,0,0,0
2,0,9,0,4073.69,0.21,855.47,4929.16,272,910,954,0,1,1,1,1,50,855.47,0.0,1,1,1,4073.69,0,0,0,0,0,0
3,2,47,1,945.15,0.21,198.48,1143.63,687,677,0,0,0,0,1,1,50,198.48,0.0,0,1,1,945.15,0,0,0,0,0,0
3,0,51,0,2443.17,0.2,488.63,2931.8,1138,1005,0,0,1,1,1,1,50,488.63,0.0,1,1,1,2443.17,0,0,0,0,0,0
0,2,16,0,2973.45,0.2,594.69,3568.14,290,646,2109,0,0,0,1,1,50,594.69,0.0,1,1,1,2973.45,0,0,0,0,0,0
2,0,53,0,3076.19,0.19,584.48,3660.67,1041,897,0,0,1,1,1,1,50,584.48,0.0,1,1,1,3076.19,0,0,0,0,0,0
5,1,46,0,403.69,0.21,84.77,488.46,138,72,0,0,0,1,0,1,100,84.77,0.0,1,0,0,0.0,0,0,0,0,0,0
2,0,50,0,1063.72,0.19,202.11,1265.83,457,813,0,0,1,1,1,1,50,202.11,0.0,1,1,1,1063.72,0,0,0,0,0,0
5,2,11,0,4937.41,0.21,1036.86,5974.27,0,167,0,0,0,0,1,1,50,1036.86,0.0,1,1,1,4937.41,0,0,0,0,0,0
6,0,52,0,3396.43,0.19,645.32,4041.75,1065,285,0,0,1,1,1,1,50,645.32,0.0,1,1,1,3396.43,0,0,0,0,0,0
5,1,24,0,1311.66,0.05,65.58,1377.24,554,828,2252,0,0,1,0,1,100,65.58,0.0,1,0,0,0.0,0,0,0,0,0,0
5,0,58,0,1809.5,0.05,90.48,1899.98,0,243,0,0,1,1,1,1,50,90.48,0.0,1,1,1,1809.5,0,0,0,0,0,0
3,3,50,2,3431.88,0.21,720.69,4152.57,333,0,1083,0,2,1,1,1,100,720.69,0.0,1,1,1,3431.88,0,0,0,0,0,0
5,1,26,0,1850.51,0.19,351.6,2202.11,0,0,0,0,0,1,0,1,100,351.6,0.0,1,0,0,0.0,0,0,0,0,0,0
2,4,12,0,3176.26,0.19,603.49,3779.75,966,0,0,0,1,1,1,1,50,603.49,0.0,1,1,1,3176.26,0,0,1,0,0,1
7,4,0,0,1101.31,0.05,55.07,1156.38,0,960,0,0,1,1,1,1,50,55.07,0.0,1,1,1,1101.31,0,0,0,0,0,1
0,2,15,0,4323.38,0.19,821.44,5144.82,682,488,2271,0,0,0,1,1,50,821.44,0.0,1,0,0,0.0,0,0,0,0,0,0
6,3,8,2,2890.04,0.19,549.11,3439.15,20,313,0,0,2,1,1,1,100,549.11,0.0,1,1,1,2890.04,0,0,0,0,0,0
1,2,9,0,2489.21,0.19,472.95,2962.16,583,969,2613,0,0,0,1,1,50,472.95,0.0,1,1,1,2489.21,0,0,0,0,0,0
5,3,21,2,188.26,0.2,37.65,225.91,81,316,0,0,2,1,1,1,100,37.65,0.0,1,1,1,188.26,0,0,0,0,0,0
0,2,0,0,3743.91,0.2,748.78,4492.69,0,40,0,0,0,0,1,1,50,748.78,0.0,1,1,1,3743.91,0,0,0,0,0,1
6,0,51,0,4047.8,0.21,876.93,4897.84,812,0,0,0,1,1,1,1,50,850.04,26.89,1,1,1,4047.8,0,0,1,0,0,1
2,2,54,0,4021.78,0.19,764.14,4785.92,364,0,1054,0,0,0,1,1,50,764.14,0.0,1,1,1,4021.78,0,0,0,0,0,0
4,0,34,0,1684.17,0.19,319.99,2004.16,0,442,0,0,1,1,1,1,50,319.99,0.0,1,1,1,1684.17,0,0,0,0,0,0
1,0,0,0,3502.59,0.05,175.13,3677.72,1046,0,0,0,1,1,1,1,50,175.13,0.0,1,1,1,3502.59,0,0,1,0,0,2
1,0,46,0,1005.94,0.05,63.64,1056.24,613,0,2220,0,1,1,1,1,50,50.3,13.34,1,0,0,0.0,0,0,1,0,0,1
5,0,1,0,2127.28,0.05,106.36,2233.64,0,363,818,0,1,1,1,1,50,106.36,0.0,1,1,1,2127.28,0,0,0,0,0,0
4,5,42,3,1122.71,0.2,224.54,1347.25,1091,0,2097,0,3,1,0,1,50,224.54,0.0,1,0,0,0.0,0,0,0,0,0,0
2,0,6,0,1322.8,0.21,277.79,1600.59,0,486,0,0,1,1,1,1,50,277.79,0.0,1,1,1,1322.8,0,0,0,0,0,0
4,0,56,0,259.46,0.19,49.3,308.76,645,0,0,0,1,1,1,1,50,49.3,0.0,1,1,1,259.46,0,0,0,0,0,0
7,5,56,3,2903.66,0.19,551.7,3455.36,500,268,769,0,3,1,0,1,50,551.7,0.0,1,0,0,0.0,0,0,0,0,0,0
2,3,5,2,3074.06,0.2,614.81,3688.87,460,0,1598,0,2,1,1,1,100,614.81,0.0,1,1,1,3074.06,0,0,0,0,0,0
2,3,0,2,1652.44,0.19,313.96,1966.4,317,0,0,0,2,1,1,1,100,313.96,0.0,1,1,1,1652.44,0,0,1,0,0,2
1,0,38,0,2133.65,0.05,106.68,2240.33,554,344,1254,0,1,1,1,1,50,106.68,0.0,1,1,1,2133.65,0,0,0,0,0,0
3,5,24,3,635.91,0.05,31.8,667.71,752,141,489,0,3,1,0,1,50,31.8,0.0,1,0,0,0.0,0,0,0,0,0,0
4,1,1,0,2880.86,0.19,547.36,3428.22,144,659,0,0,0,1,0,1,100,547.36,0.0,1,1,1,2880.86,0,0,0,0,0,0
6,2,2,0,1387.0,0.19,263.53,1650.53,217,626,0,0,0,0,1,1,50,263.53,0.0,1,1,1,1387.0,0,0,0,0,0,0
1,1,9,0,810.26,0.2,162.05,972.31,0,314,0,0,0,1,0,1,100,162.05,0.0,1,1,1,810.26,0,0,0,0,0,0
1,0,17,0,4113.78,0.07,287.96,4401.74,0,646,0,0,1,1,1,1,50,287.96,0.0,1,1,1,4113.78,0,0,0,0,0,0
2,4,41,0,4401.05,0.2,880.21,5281.26,20,214,0,0,1,1,1,1,50,880.21,0.0,1,0,0,0.0,0,0,0,0,0,0
1,2,35,0,4383.08,0.05,250.54,4602.23,552,774,0,0,0,0,1,1,50,219.15,31.39,1,1,1,4383.08,0,0,0,0,0,0
1,1,34,0,2414.8,0.07,169.04,2583.84,708,0,2027,0,0,1,0,1,100,169.04,0.0,1,0,0,0.0,0,0,0,0,0,0
2,5,58,3,3938.8,0.19,748.37,4687.17,0,810,0,0,3,1,0,1,50,748.37,0.0,1,0,0,0.0,0,0,0,0,0,0
2,0,2,0,3738.68,0.05,186.93,3925.61,0,777,0,0,1,1,1,1,50,186.93,0.0,1,1,1,3738.68,0,0,0,0,0,0
4,3,30,2,1491.35,0.19,283.36,1774.71,1060,0,0,0,2,1,1,1,100,283.36,0.0,1,0,0,0.0,0,0,1,0,0,1
5,0,8,0,743.01,0.05,37.15,780.16,176,989,907,0,1,1,1,1,50,37.15,0.0,1,1,1,743.01,0,0,0,0,0,0
5,4,52,0,1105.98,0.21,232.26,1338.24,139,1028,0,0,1,1,1,1,50,232.26,0.0,1,1,1,1105.98,0,0,0,0,0,0
1,1,1,0,1188.04,0.2,237.61,1425.65,565,155,1375,0,0,1,0,1,100,237.61,0.0,1,1,1,1188.04,0,0,0,0,0,0
3,0,15,0,3005.74,0.19,571.09,3576.83,524,0,0,0,1,1,1,1,50,571.09,0.0,1,1,1,3005.74,0,0,0,0,0,0
7,2,8,0,3893.62,0.19,739.79,4633.41,1065,0,655,0,0,0,1,1,50,739.79,0.0,1,1,1,3893.62,0,0,0,0,0,0
1,0,7,0,287.68,0.19,54.66,342.34,712,280,0,0,1,1,1,1,50,54.66,0.0,1,1,1,287.68,0,0,0,0,0,0
2,2,45,0,3619.52,0.2,723.9,4343.42,515,915,0,0,0,0,1,1,50,723.9,0.0,1,1,1,3619.52,0,0,0,0,0,0
6,3,0,1,2017.98,0.2,403.6,2421.58,0,0,0,0,2,1,1,1,100,403.6,0.0,0,1,1,2017.98,0,0,1,0,0,2
0,2,4,0,750.49,0.19,142.59,893.08,315,360,0,0,0,0,1,1,50,142.59,0.0,1,1,1,750.49,0,0,0,0,0,0
4,4,57,0,971.17,0.19,184.52,1155.69,390,696,0,0,1,1,1,1,50,184.52,0.0,1,1,1,971.17,0,0,0,0,0,0
1,1,1,0,4664.1,0.07,326.49,4990.59,1026,0,487,0,0,1,0,1,100,326.49,0.0,1,0,0,0.0,0,0,0,0,0,0
7,3,35,2,4912.98,0.05,245.65,5158.63,151,0,0,0,2,1,1,1,100,245.65,0.0,1,1,1,4912.98,0,0,0,0,0,0
3,3,32,2,4777.81,0.05,238.89,5016.7,440,0,314,0,2,1,1,1,100,238.89,0.0,1,0,0,0.0,0,0,0,0,0,0
0,5,29,3,1980.68,0.21,415.94,2396.62,162,0,0,0,3,1,0,1,50,415.94,0.0,1,0,0,0.0,0,0,0,0,0,0
4,0,12,0,4429.53,0.05,251.02,4651.01,904,740,0,0,1,1,1,1,50,221.48,29.54,1,1,1,4429.53,0,0,0,0,0,0
6,3,47,2,2184.72,0.19,415.1,2599.82,384,924,0,0,2,1,1,1,100,415.1,0.0,1,1,1,2184.72,0,0,0,0,0,0
4,0,1,0,4485.61,0.21,941.98,5427.59,1008,158,2389,0,1,1,1,1,50,941.98,0.0,1,1,1,4485.61,0,0,0,0,0,0
3,2,48,0,3896.51,0.21,818.27,4714.78,622,428,0,0,0,0,1,1,50,818.27,0.0,1,1,1,3896.51,0,0,0,0,0,0
1,2,49,0,2556.73,0.05,127.84,2684.57,20,16,0,0,0,0,1,1,50,127.84,0.0,1,1,1,2556.73,0,0,0,0,0,0
4,4,0,0,1867.57,0.19,354.84,2222.41,0,0,277,0,1,1,1,1,50,354.84,0.0,1,1,1,1867.57,0,0,0,0,0,1
2,0,13,0,2422.52,0.19,505.37,2882.8,599,0,1771,0,1,1,1,1,50,460.28,45.09,1,0,0,0.0,0,0,0,0,0,0
3,5,53,3,220.11,0.05,31.34,231.12,760,1016,0,0,3,1,0,1,50,11.01,20.33,1,0,0,0.0,0,0,0,0,0,0
0,0,46,0,2196.32,0.21,461.23,2657.55,247,0,0,0,1,1,1,1,50,461.23,0.0,1,1,1,2196.32,0,0,0,0,0,0
3,5,31,3,2901.55,0.21,609.33,3510.88,1054,594,0,0,3,1,0,1,50,609.33,0.0,1,0,0,0.0,0,0,0,0,0,0
5,3,5,2,4684.8,0.19,890.11,5574.91,18,693,0,0,2,1,1,1,100,890.11,0.0,1,1,1,4684.8,0,0,0,0,0,0
1,2,54,0,2116.19,0.05,105.81,2222.0,372,0,0,0,0,0,1,1,50,105.81,0.0,1,1,1,2116.19,0,0,0,0,0,0
6,0,51,0,4242.06,0.21,890.83,5132.89,1046,0,0,0,1,1,1,1,50,890.83,0.0,1,1,1,4242.06,0,0,0,0,0,0
7,0,40,0,2935.15,0.07,205.46,3140.61,669,295,0,0,1,1,1,1,50,205.46,0.0,1,1,1,2935.15,0,0,0,0,0,0
3,1,36,0,1600.54,0.19,304.1,1904.64,647,0,0,0,0,1,0,1,100,304.1,0.0,1,1,1,1600.54,0,0,0,0,0,0
3,0,35,0,2959.93,0.05,148.0,3107.93,477,557,0,0,1,1,1,1,50,148.0,0.0,1,1,1,2959.93,0,0,0,0,0,0
0,0,0,0,2446.72,0.2,489.34,2936.06,471,1024,227,0,1,1,1,1,50,489.34,0.0,1,1,1,2446.72,0,0,0,0,0,1
0,4,0,0,3488.36,0.21,732.56,4220.92,440,370,0,0,1,1,1,1,50,732.56,0.0,1,1,1,3488.36,0,0,0,0,0,1
0,0,10,0,128.26,0.19,24.37,152.63,0,857,0,0,1,1,1,1,50,24.37,0.0,1,1,1,128.26,0,0,0,0,0,0
5,2,35,0,2389.78,0.2,477.96,2867.74,233,291,0,0,0,0,1,1,50,477.96,0.0,1,1,1,2389.78,0,0,0,0,0,0
0,2,33,0,3069.28,0.2,613.86,3683.14,1046,969,0,0,0,0,1,1,50,613.86,0.0,1,1,1,3069.28,0,0,0,0,0,0
1,4,58,0,1086.11,0.05,54.31,1140.42,0,692,0,0,1,1,1,1,50,54.31,0.0,1,1,1,1086.11,0,0,0,0,0,0
4,3,53,2,2549.93,0.2,509.99,3059.92,552,90,2535,0,2,1,1,1,100,509.99,0.0,1,1,1,2549.93,0,0,0,0,0,0
0,2,34,0,2584.34,0.2,516.87,3101.21,0,895,0,0,0,0,1,1,50,516.87,0.0,1,1,1,2584.34,0,0,0,0,0,0
7,5,5,3,155.24,0.2,31.05,186.29,644,0,2449,0,3,1,0,1,50,31.05,0.0,1,0,0,0.0,0,0,0,0,0,0
5,3,36,2,2981.17,0.19,566.42,3547.59,384,869,882,0,2,1,1,1,100,566.42,0.0,1,1,1,2981.17,0,0,0,0,0,0
6,1,16,0,4651.61,0.2,930.32,5581.93,702,990,0,0,0,1,0,1,100,930.32,0.0,1,0,0,0.0,0,0,0,0,0,0
6,4,57,0,2270.04,0.07,158.9,2428.94,0,111,0,0,1,1,1,1,50,158.9,0.0,1,0,0,0.0,0,0,0,0,0,0
3,1,43,0,4579.17,0.19,870.04,5449.21,192,938,0,0,0,1,0,1,100,870.04,0.0,1,1,1,4579.17,0,0,0,0,0,0
4,3,25,2,1042.75,0.2,208.55,1251.3,0,0,0,0,2,1,1,1,100,208.55,0.0,1,1,1,1042.75,0,0,0,0,0,0
6,2,17,0,995.71,0.07,69.7,1065.41,1121,27,0,0,0,0,1,1,50,69.7,0.0,1,1,1,995.71,0,0,0,0,0,0
1,2,19,1,1668.86,0.21,350.46,2019.32,0,780,0,0,0,0,1,1,50,350.46,0.0,0,1,1,1668.86,0,0,0,0,0,0
0,2,31,1,2667.79,0.19,506.88,3174.67,517,878,0,0,0,0,1,1,50,506.88,0.0,0,0,0,0.0,0,0,0,0,0,0
1,2,25,0,1734.81,0.19,372.35,2064.42,0,977,0,0,0,0,1,1,50,329.61,42.74,1,1,1,1734.81,0,0,0,0,0,0
1,0,21,0,4912.71,0.19,933.41,5846.12,32,949,1350,0,1,1,1,1,50,933.41,0.0,1,1,1,4912.71,0,0,0,0,0,0
5,1,31,0,2534.22,0.21,532.19,3066.41,1135,777,0,0,0,1,0,1,100,532.19,0.0,1,0,0,0.0,0,0,0,0,0,0
3,0,7,0,2230.03,0.05,111.5,2341.53,766,177,0,0,1,1,1,1,50,111.5,0.0,1,1,1,2230.03,0,0,0,0,0,0
4,2,31,0,4494.71,0.05,224.74,4719.45,388,38,0,0,0,0,1,1,50,224.74,0.0,1,1,1,4494.71,0,0,0,0,0,0
7,2,38,0,2603.89,0.19,494.74,3098.63,235,41,0,0,0,0,1,1,50,494.74,0.0,1,1,1,2603.89,0,0,0,0,0,0
7,1,34,1,1389.0,0.21,291.69,1680.69,776,774,2223,0,0,1,0,1,100,291.69,0.0,0,1,1,1389.0,0,0,0,0,0,0
1,3,0,2,762.83,0.2,202.13,915.4,112,803,1321,0,2,1,1,1,100,152.57,49.56,1,1,1,762.83,0,0,0,0,0,1
7,1,17,0,2247.64,0.07,157.33,2404.97,1013,0,2608,0,0,1,0,1,100,157.33,0.0,1,0,0,0.0,0,0,0,0,0,0
7,4,51,0,3365.4,0.21,706.73,4072.13,1017,981,0,0,1,1,1,1,50,706.73,0.0,1,1,1,3365.4,0,0,0,0,0,0
7,1,0,0,1014.91,0.2,202.98,1217.89,238,993,304,0,0,1,0,1,100,202.98,0.0,1,0,0,0.0,0,0,0,0,0,1
0,1,28,0,2841.85,0.19,539.95,3381.8,204,0,0,0,0,1,0,1,100,539.95,0.0,1,1,1,2841.85,0,0,0,0,0,0
2,3,18,2,1235.89,0.19,261.32,1470.71,0,0,1957,0,2,1,1,1,100,234.82,26.5,1,1,1,1235.89,0,0,1,0,0,1
6,2,59,0,3063.86,0.05,153.19,3217.05,0,659,0,0,0,0,1,1,50,153.19,0.0,1,1,1,3063.86,0,0,0,0,0,0
0,2,0,0,1765.11,0.19,335.37,2100.48,636,0,0,0,0,0,1,1,50,335.37,0.0,1,1,1,1765.11,0,0,0,0,0,1
4,4,48,0,4041.53,0.05,202.08,4243.61,216,350,661,0,1,1,1,1,50,202.08,0.0,1,0,0,0.0,0,0,0,0,0,0
5,5,53,3,2545.47,0.07,178.18,2723.65,4,955,0,0,3,1,0,1,50,178.18,0.0,1,0,0,0.0,0,0,0,0,0,0
2,1,19,0,324.66,0.2,64.93,389.59,633,453,0,0,0,1,0,1,100,64.93,0.0,1,0,0,0.0,0,0,0,0,0,0
2,2,19,0,1145.66,0.19,217.68,1363.34,139,0,0,0,0,0,1,1,50,217.68,0.0,1,1,1,1145.66,0,0,0,0,0,0
3,0,44,0,4895.85,0.2,979.17,5875.02,589,0,0,0,1,1,1,1,50,979.17,0.0,1,1,1,4895.85,0,0,0,0,0,0
4,5,56,3,786.73,0.2,157.35,944.08,308,261,0,0,3,1,0,1,50,157.35,0.0,1,0,0,0.0,0,0,0,0,0,0
2,1,49,0,489.71,0.2,97.94,587.65,511,722,2467,0,0,1,0,1,100,97.94,0.0,1,0,0,0.0,0,0,0,0,0,0
4,3,21,2,3633.77,0.19,690.42,4324.19,1063,0,0,0,2,1,1,1,100,690.42,0.0,1,1,1,3633.77,0,0,0,0,0,0
5,3,9,2,3398.22,0.19,645.66,4043.88,0,314,2560,0,2,1,1,1,100,645.66,0.0,1,1,1,3398.22,0,0,0,0,0,0
0,4,58,0,2056.89,0.19,390.81,2447.7,318,575,1205,0,1,1,1,1,50,390.81,0.0,1,1,1,2056.89,0,0,0,0,0,0
0,4,45,0,3252.5,0.19,617.98,3870.48,0,253,0,0,1,1,1,1,50,617.98,0.0,1,0,0,0.0,0,0,0,0,0,0
3,1,3,0,2200.08,0.2,440.02,2640.1,719,18,266,0,0,1,0,1,100,440.02,0.0,1,0,0,0.0,0,0,0,0,0,0
3,2,1,1,3217.82,0.2,643.56,3861.38,0,700,0,0,0,0,1,1,50,643.56,0.0,0,1,1,3217.82,0,0,0,0,0,0
2,1,57,0,2109.35,0.05,105.47,2214.82,472,997,2169,0,0,1,0,1,100,105.47,0.0,1,0,0,0.0,0,0,0,0,0,0
6,1,35,1,2936.81,0.07,205.58,3142.39,261,733,0,0,0,1,0,1,100,205.58,0.0,0,0,0,0.0,0,0,0,0,0,0
1,4,10,0,1808.4,0.21,379.76,2188.16,636,969,248,0,1,1,1,1,50,379.76,0.0,1,0,0,0.0,0,0,0,0,0,0
1,4,23,0,108.65,0.19,20.64,129.29,683,404,0,0,1,1,1,1,50,20.64,0.0,1,0,0,0.0,0,0,0,0,0,0
7,3,37,2,3424.88,0.19,650.73,4075.61,136,1022,0,0,2,1,1,1,100,650.73,0.0,1,1,1,3424.88,0,0,0,0,0,0
2,4,27,0,1448.64,0.2,289.73,1738.37,432,252,0,0,1,1,1,1,50,289.73,0.0,1,0,0,0.0,0,0,0,0,0,0
3,5,44,3,2995.51,0.21,629.06,3624.57,256,877,0,0,3,1,0,1,50,629.06,0.0,1,0,0,0.0,0,0,0,0,0,0
6,3,50,2,3737.89,0.07,287.39,3999.54,0,510,2531,0,2,1,1,1,100,261.65,25.74,1,1,1,3737.89,0,0,0,0,0,0
1,4,24,0,1664.75,0.19,316.3,1981.05,616,509,0,0,1,1,1,1,50,316.3,0.0,1,1,1,1664.75,0,0,0,0,0,0
1,2,58,0,385.37,0.05,19.27,404.64,81,989,0,0,0,0,1,1,50,19.27,0.0,1,1,1,385.37,0,0,0,0,0,0
5,5,31,3,1985.67,0.07,139.0,2124.67,542,472,0,0,3,1,0,1,50,139.0,0.0,1,1,1,1985.67,0,0,0,0,0,0
1,4,21,0,2319.72,0.05,146.53,2435.71,1113,0,2543,0,1,1,1,1,50,115.99,30.54,1,1,1,2319.72,0,0,1,0,0,1
0,5,20,3,3351.44,0.07,234.6,3586.04,768,0,0,0,3,1,0,1,50,234.6,0.0,1,0,0,0.0,0,0,0,0,0,0
4,4,42,1,-4072.73,0.19,-773.82,-4846.55,1045,246,0,0,1,1,1,1,50,-773.82,0.0,0,1,1,4072.73,0,0,0,0,0,0
5,5,26,3,2316.63,0.21,486.49,2803.12,120,712,848,0,3,1,0,1,50,486.49,0.0,1,0,0,0.0,0,0,0,0,0,0
4,4,49,0,612.83,0.21,128.69,741.52,0,0,0,0,1,1,1,1,50,128.69,0.0,1,1,1,612.83,0,0,0,0,0,0
0,2,46,0,3249.62,0.07,227.47,3477.09,694,982,0,0,0,0,1,1,50,227.47,0.0,1,1,1,3249.62,0,0,0,0,0,0
4,2,2,0,1563.92,0.2,312.78,1876.7,256,0,0,0,0,0,1,1,50,312.78,0.0,1,1,1,1563.92,0,0,0,0,0,0
5,3,52,2,1959.35,0.05,97.97,2057.32,690,90,0,0,2,1,1,1,100,97.97,0.0,1,1,1,1959.35,0,0,0,0,0,0
4,0,3,0,2178.34,0.21,457.45,2635.79,752,694,0,0,1,1,1,1,50,457.45,0.0,1,1,1,2178.34,0,0,0,0,0,0
4,2,45,0,691.06,0.07,48.37,739.43,1052,44,0,0,0,0,1,1,50,48.37,0.0,1,1,1,691.06,0,0,0,0,0,0
0,0,3,0,3530.87,0.19,670.87,4201.74,338,0,2415,0,1,1,1,1,50,670.87,0.0,1,1,1,3530.87,0,0,0,0,0,0
1,2,41,0,3205.12,0.07,224.36,3429.48,524,0,0,0,0,0,1,1,50,224.36,0.0,1,1,1,3205.12,0,0,0,0,0,0
6,4,12,0,-1654.57,0.05,-82.73,-1737.3,0,339,1698,0,1,1,1,1,50,-82.73,0.0,1,0,0,0.0,0,0,0,0,0,0
0,2,13,0,1693.34,0.21,355.6,2048.94,23,878,488,0,0,0,1,1,50,355.6,0.0,1,1,1,1693.34,0,0,0,0,0,0
7,5,48,3,3332.82,0.19,633.24,3966.06,0,256,0,0,3,1,0,1,50,633.24,0.0,1,0,0,0.0,0,0,0,0,0,0
1,3,31,2,4744.49,0.07,332.11,5076.6,567,539,0,0,2,1,1,1,100,332.11,0.0,1,1,1,4744.49,0,0,0,0,0,0
2,2,39,0,1723.92,0.2,344.78,2068.7,308,184,0,0,0,0,1,1,50,344.78,0.0,1,1,1,1723.92,0,0,0,0,0,0
6,4,18,0,3972.51,0.07,278.08,4250.59,356,158,0,0,1,1,1,1,50,278.08,0.0,1,0,0,0.0,0,0,0,0,0,0
3,4,6,0,2937.36,0.19,558.1,3495.46,1046,846,0,0,1,1,1,1,50,558.1,0.0,1,1,1,2937.36,0,0,0,0,0,0
6,0,0,0,3462.85,0.05,173.14,3635.99,0,766,1624,0,1,1,1,1,50,173.14,0.0,1,1,1,3462.85,0,0,0,0,0,1
1,0,35,0,3304.83,0.19,627.92,3932.75,34,704,0,0,1,1,1,1,50,627.92,0.0,1,1,1,3304.83,0,0,0,0,0,0
1,2,0,0,3653.08,0.21,767.15,4420.23,187,0,0,0,0,0,1,1,50,767.15,0.0,1,1,1,3653.08,0,0,0,0,0,1
0,0,44,0,202.96,0.07,14.21,217.17,0,93,269,0,1,1,1,1,50,14.21,0.0,1,1,1,202.96,0,0,0,0,0,0
7,1,6,0,3544.57,0.05,177.23,3721.8,113,0,493,0,0,1,0,1,100,177.23,0.0,1,0,0,0.0,0,0,0,0,0,0
4,1,46,1,4193.17,0.05,222.47,4402.83,646,0,0,0,0,1,0,1,100,209.66,12.81,0,0,0,0.0,0,0,0,0,0,0
7,2,52,0,405.81,0.21,85.22,491.03,111,33,0,0,0,0,1,1,50,85.22,0.0,1,1,1,405.81,0,0,0,0,0,0
2,2,45,0,696.61,0.21,146.29,842.9,1008,0,2137,0,0,0,1,1,50,146.29,0.0,1,1,1,696.61,0,0,0,0,0,0
6,2,30,0,387.16,0.05,19.36,406.52,1133,59,2286,0,0,0,1,1,50,19.36,0.0,1,1,1,387.16,0,0,0,0,0,0
7,2,16,0,2120.8,0.05,106.04,2226.84,0,960,0,0,0,0,1,1,50,106.04,0.0,1,1,1,2120.8,0,0,0,0,0,0
0,1,58,0,832.91,0.21,174.91,1007.82,736,0,0,0,0,1,0,1,100,174.91,0.0,1,1,1,832.91,0,0,0,0,0,0
5,2,43,0,4262.61,0.21,895.15,5157.76,561,308,0,0,0,0,1,1,50,895.15,0.0,1,1,1,4262.61,0,0,0,0,0,0
5,3,31,2,2735.67,0.2,547.13,3282.8,1118,704,1237,0,2,1,1,1,100,547.13,0.0,1,1,1,2735.67,0,0,0,0,0,0
6,4,2,0,2892.41,0.2,578.48,3470.89,58,466,0,0,1,1,1,1,50,578.48,0.0,1,1,1,2892.41,0,0,0,0,0,0
0,1,35,0,666.74,0.07,46.67,713.41,1138,857,2214,0,0,1,0,1,100,46.67,0.0,1,1,1,666.74,0,0,0,0,0,0
6,5,42,3,1971.1,0.21,413.93,2385.03,1110,721,0,0,3,1,0,1,50,413.93,0.0,1,0,0,0.0,0,0,0,0,0,0
6,3,18,2,1612.07,0.21,338.53,1950.6,11,1030,0,0,2,1,1,1,100,338.53,0.0,1,1,1,1612.07,0,0,0,0,0,0
0,2,17,0,1464.92,0.07,102.54,1567.46,1042,6,541,0,0,0,1,1,50,102.54,0.0,1,1,1,1464.92,0,0,0,0,0,0
0,3,52,2,4918.62,0.05,245.93,5164.55,670,240,0,0,2,1,1,1,100,245.93,0.0,1,1,1,4918.62,0,0,0,0,0,0
2,3,42,2,4055.03,0.05,202.75,4257.78,126,139,0,0,2,1,1,1,100,202.75,0.0,1,1,1,4055.03,0,0,0,0,0,0
4,1,16,1,3032.28,0.05,151.61,3183.89,279,40,2661,0,0,1,0,1,100,151.61,0.0,0,0,0,0.0,0,0,0,0,0,0
6,4,20,0,2866.7,0.05,143.34,3010.04,334,0,0,0,1,1,1,1,50,143.34,0.0,1,0,0,0.0,0,0,0,0,0,0
2,3,19,2,4235.06,0.2,847.01,5082.07,144,344,2079,0,2,1,1,1,100,847.01,0.0,1,1,1,4235.06,0,0,0,0,0,0
7,3,4,2,4314.66,0.2,862.93,5177.59,364,0,0,0,2,1,1,1,100,862.93,0.0,1,1,1,4314.66,0,0,1,0,0,1
1,5,56,3,4854.71,0.2,970.94,5825.65,316,270,146,0,3,1,0,1,50,970.94,0.0,1,0,0,0.0,0,0,0,0,0,0
3,3,20,2,1472.64,0.05,73.63,1546.27,204,771,0,0,2,1,1,1,100,73.63,0.0,1,1,1,1472.64,0,0,0,0,0,0
0,5,54,3,264.06,0.05,41.09,277.26,43,0,0,0,3,1,0,1,50,13.2,27.89,1,0,0,0.0,0,0,0,0,0,0
7,3,43,2,3092.79,0.2,618.56,3711.35,274,0,511,0,2,1,1,1,100,618.56,0.0,1,1,1,3092.79,0,0,0,0,0,0
2,3,54,2,4977.48,0.05,248.87,5226.35,831,724,0,0,2,1,1,1,100,248.87,0.0,1,1,1,4977.48,0,0,0,0,0,0
1,3,56,2,4604.79,0.2,920.96,5525.75,453,734,2572,0,2,1,1,1,100,920.96,0.0,1,1,1,4604.79,0,0,0,0,0,0
4,1,12,0,2580.16,0.07,180.61,2760.77,583,235,1824,0,0,1,0,1,100,180.61,0.0,1,1,1,2580.16,0,0,0,0,0,0
0,5,0,3,3960.42,0.05,198.02,4158.44,196,672,0,0,3,1,0,1,50,198.02,0.0,1,1,1,3960.42,0,0,0,0,0,1
6,2,46,0,3393.78,0.19,644.82,4038.6,520,676,0,0,0,0,1,1,50,644.82,0.0,1,1,1,3393.78,0,0,0,0,0,0
1,1,36,0,4537.74,0.07,317.64,4855.38,311,350,0,0,0,1,0,1,100,317.64,0.0,1,0,0,0.0,0,0,0,0,0,0
4,4,0,0,1666.12,0.07,116.63,1782.75,657,0,1096,0,1,1,1,1,50,116.63,0.0,1,0,0,0.0,0,0,0,0,0,1
7,5,39,3,2887.8,0.2,577.56,3465.36,114,309,2150,0,3,1,0,1,50,577.56,0.0,1,0,0,0.0,0,0,0,0,0,0
4,4,10,0,160.35,0.19,30.47,190.82,247,87,0,0,1,1,1,1,50,30.47,0.0,1,1,1,160.35,0,0,0,0,0,0
2,0,0,0,3104.19,0.19,589.8,3693.99,0,929,2628,0,1,1,1,1,50,589.8,0.0,1,1,1,3104.19,0,0,0,0,0,1
2,1,10,0,2925.05,0.2,585.01,3510.06,768,43,2106,0,0,1,0,1,100,585.01,0.0,1,1,1,2925.05,0,0,0,0,0,0
2,4,36,0,1166.17,0.05,58.31,1224.48,0,65,0,0,1,1,1,1,50,58.31,0.0,1,0,0,0.0,0,0,0,0,0,0
7,5,30,3,3803.09,0.05,190.15,3993.24,269,259,0,0,3,1,0,1,50,190.15,0.0,1,0,0,0.0,0,0,0,0,0,0
2,0,10,0,4265.56,0.2,853.11,5118.67,68,536,0,0,1,1,1,1,50,853.11,0.0,1,1,1,4265.56,0,0,0,0,0,0
7,0,46,1,4631.88,0.2,926.38,5558.26,778,876,0,0,1,1,1,1,50,926.38,0.0,0,1,1,4631.88,0,0,0,0,0,0
0,3,27,2,252.02,0.19,47.88,299.9,103,18,0,0,2,1,1,1,100,47.88,0.0,1,1,1,252.02,0,0,0,0,0,0
7,3,8,2,3308.11,0.07,231.57,3539.68,514,774,1609,0,2,1,1,1,100,231.57,0.0,1,1,1,3308.11,0,0,0,0,0,0
3,5,8,3,3981.29,0.2,796.26,4777.55,647,869,0,0,3,1,0,1,50,796.26,0.0,1,0,0,0.0,0,0,0,0,0,0
0,4,9,0,850.64,0.21,178.63,1029.27,0,787,1377,0,1,1,1,1,50,178.63,0.0,1,0,0,0.0,0,0,0,0,0,0
6,1,46,1,2981.62,0.2,596.32,3577.94,387,525,0,0,0,1,0,1,100,596.32,0.0,0,1,1,2981.62,0,0,0,0,0,0
0,5,26,3,281.0,0.2,56.2,337.2,0,0,0,0,3,1,0,1,50,56.2,0.0,1,0,0,0.0,0,0,0,0,0,0
2,0,40,0,2629.85,0.2,525.97,3155.82,682,628,0,0,1,1,1,1,50,525.97,0.0,1,1,1,2629.85,0,0,0,0,0,0
0,1,19,0,380.44,0.2,76.09,456.53,0,453,0,0,0,1,0,1,100,76.09,0.0,1,1,1,380.44,0,0,0,0,0,0
7,3,0,2,3170.09,0.21,665.72,3835.81,212,0,1466,0,2,1,1,1,100,665.72,0.0,1,1,1,3170.09,0,0,0,0,0,1
7,4,11,0,3822.51,0.21,802.73,4625.24,13,191,153,0,1,1,1,1,50,802.73,0.0,1,1,1,3822.51,0,0,0,0,0,0
0,0,14,1,3019.61,0.07,241.67,3230.98,0,575,1969,0,1,1,1,1,50,211.37,30.3,0,1,1,3019.61,0,0,0,0,0,0
0,1,8,0,1379.25,0.19,262.06,1641.31,644,592,0,0,0,1,0,1,100,262.06,0.0,1,1,1,1379.25,0,0,0,0,0,0
0,4,10,0,4283.02,0.07,299.81,4582.83,1111,0,0,0,1,1,1,1,50,299.81,0.0,1,1,1,4283.02,0,0,0,0,0,0
2,0,10,0,4470.35,0.07,312.92,4783.27,546,0,0,0,1,1,1,1,50,312.92,0.0,1,1,1,4470.35,0,0,0,0,0,0
5,2,52,0,3608.25,0.19,685.57,4293.82,24,783,0,0,0,0,1,1,50,685.57,0.0,1,1,1,3608.25,0,0,0,0,0,0
6,0,14,0,1468.44,0.07,102.79,1571.23,614,0,0,0,1,1,1,1,50,102.79,0.0,1,1,1,1468.44,0,0,1,0,0,1
2,1,51,0,1999.48,0.07,139.96,2139.44,768,947,1066,0,0,1,0,1,100,139.96,0.0,1,1,1,1999.48,0,0,0,0,0,0
5,3,28,2,1611.26,0.07,112.79,1724.05,1093,137,0,0,2,1,1,1,100,112.79,0.0,1,1,1,1611.26,0,0,0,0,0,0
2,3,33,2,3094.06,0.07,240.34,3310.64,0,0,0,0,2,1,1,1,100,216.58,23.76,1,1,1,3094.06,0,0,1,0,0,1
6,2,59,0,2810.85,0.21,639.22,3401.13,300,529,0,0,0,0,1,1,50,590.28,48.94,1,1,1,2810.85,0,0,0,0,0,0
5,0,50,0,415.73,0.2,83.15,498.88,84,848,0,0,1,1,1,1,50,83.15,0.0,1,1,1,415.73,0,0,0,0,0,0
2,0,5,0,4779.45,0.07,334.56,5114.01,519,97,0,0,1,1,1,1,50,334.56,0.0,1,1,1,4779.45,0,0,0,0,0,0
6,1,4,0,2002.02,0.2,400.4,2402.42,494,853,0,0,0,1,0,1,100,400.4,0.0,1,0,0,0.0,0,0,0,0,0,0
4,0,56,0,867.93,0.19,164.91,1032.84,0,601,0,0,1,1,1,1,50,164.91,0.0,1,1,1,867.93,0,0,0,0,0,0
2,4,52,0,4806.9,0.19,913.31,5720.21,136,334,0,0,1,1,1,1,50,913.31,0.0,1,0,0,0.0,0,0,0,0,0,0
3,2,35,0,1630.32,0.21,342.37,1972.69,217,0,0,0,0,0,1,1,50,342.37,0.0,1,1,1,1630.32,0,0,0,0,0,0
5,0,58,0,592.42,0.07,41.47,633.89,494,261,1945,0,1,1,1,1,50,41.47,0.0,1,1,1,592.42,0,0,0,0,0,0
4,0,23,0,1616.06,0.07,113.12,1729.18,11,0,0,0,1,1,1,1,50,113.12,0.0,1,1,1,1616.06,0,0,0,0,0,0
0,4,17,0,1189.25,0.2,237.85,1427.1,472,874,0,0,1,1,1,1,50,237.85,0.0,1,1,1,1189.25,0,0,0,0,0,0
4,1,4,0,3064.56,0.21,685.38,3708.12,316,0,0,0,0,1,0,1,100,643.56,41.82,1,0,0,0.0,0,0,0,0,0,0
2,1,54,0,1948.25,0.19,370.17,2318.42,707,0,0,0,0,1,0,1,100,370.17,0.0,1,0,0,0.0,0,0,0,0,0,0
0,4,23,0,1877.34,0.05,93.87,1971.21,1056,50,0,0,1,1,1,1,50,93.87,0.0,1,1,1,1877.34,0,0,0,0,0,0
5,1,56,0,4315.71,0.19,819.98,5135.69,616,0,493,0,0,1,0,1,100,819.98,0.0,1,0,0,0.0,0,0,0,0,0,0
6,5,21,3,565.12,0.19,107.37,672.49,74,0,0,0,3,1,0,1,50,107.37,0.0,1,0,0,0.0,0,0,0,0,0,0
1,3,10,2,4231.06,0.05,244.68,4442.61,502,857,0,0,2,1,1,1,100,211.55,33.13,1,0,0,0.0,0,0,0,0,0,0
3,4,34,0,3206.59,0.05,160.33,3366.92,66,607,0,0,1,1,1,1,50,160.33,0.0,1,0,0,0.0,0,0,0,0,0,0
0,5,13,3,3173.74,0.19,603.01,3776.75,453,484,0,0,3,1,0,1,50,603.01,0.0,1,0,0,0.0,0,0,0,0,0,0
3,3,5,2,796.7,0.05,39.84,836.54,236,997,0,0,2,1,1,1,100,39.84,0.0,1,1,1,796.7,0,0,0,0,0,0
3,4,54,0,1493.1,0.2,298.62,1791.72,1031,425,0,0,1,1,1,1,50,298.62,0.0,1,0,0,0.0,0,0,0,0,0,0
4,4,46,0,4684.47,0.19,890.05,5574.52,224,628,326,0,1,1,1,1,50,890.05,0.0,1,0,0,0.0,0,0,0,0,0,0
2,1,56,0,175.1,0.21,36.77,211.87,418,846,735,0,0,1,0,1,100,36.77,0.0,1,1,1,175.1,0,0,0,0,0,0
4,0,32,0,1594.55,0.07,111.62,1706.17,0,413,0,0,1,1,1,1,50,111.62,0.0,1,0,0,0.0,0,0,0,0,0,0
2,1,23,0,286.3,0.21,60.12,346.42,441,577,0,0,0,1,0,1,100,60.12,0.0,1,0,0,0.0,0,0,0,0,0,0
3,1,31,0,670.5,0.2,134.1,804.6,1,778,0,0,0,1,0,1,100,134.1,0.0,1,0,0,0.0,0,0,0,0,0,0
2,0,49,0,2510.72,0.2,502.14,3012.86,672,268,0,0,1,1,1,1,50,502.14,0.0,1,1,1,2510.72,0,0,0,0,0,0
1,1,33,0,1022.22,0.05,51.11,1073.33,1017,977,948,0,0,1,0,1,100,51.11,0.0,1,0,0,0.0,0,0,0,0,0,0
1,3,36,2,1565.93,0.05,78.3,1644.23,137,460,1291,0,2,1,1,1,100,78.3,0.0,1,1,1,1565.93,0,0,0,0,0,0
3,0,24,0,3108.89,0.19,590.69,3699.58,303,97,0,0,1,1,1,1,50,590.69,0.0,1,1,1,3108.89,0,0,0,0,0,0
7,2,20,1,3800.2,0.21,798.04,4598.24,0,724,0,0,0,0,1,1,50,798.04,0.0,0,1,1,3800.2,0,0,0,0,0,0
3,5,35,3,3929.06,0.2,785.81,4714.87,0,246,0,0,3,1,0,1,50,785.81,0.0,1,0,0,0.0,0,0,0,0,0,0
5,2,38,0,4101.32,0.2,820.26,4921.58,0,65,236,0,0,0,1,1,50,820.26,0.0,1,1,1,4101.32,0,0,0,0,0,0
5,1,37,0,3992.04,0.21,838.33,4830.37,740,0,0,0,0,1,0,1,100,838.33,0.0,1,0,0,0.0,0,0,0,0,0,0
4,3,11,2,806.85,0.19,153.3,960.15,0,0,0,0,2,1,1,1,100,153.3,0.0,1,1,1,806.85,0,0,0,0,0,0
5,3,0,2,790.68,0.07,55.35,846.03,702,107,0,0,2,1,1,1,100,55.35,0.0,1,1,1,790.68,0,0,0,0,0,0
2,1,10,0,3836.51,0.05,191.83,4028.34,139,981,0,0,0,1,0,1,100,191.83,0.0,1,1,1,3836.51,0,0,0,0,0,0
0,3,3,2,4856.72,0.2,971.34,5828.06,32,0,0,0,2,1,1,1,100,971.34,0.0,1,1,1,4856.72,0,0,0,0,0,0
3,3,58,2,2853.86,0.21,599.31,3453.17,75,425,534,0,2,1,1,1,100,599.31,0.0,1,1,1,2853.86,0,0,0,0,0,0
6,5,12,3,3003.11,0.05,150.16,3153.27,304,84,0,0,3,1,0,1,50,150.16,0.0,1,0,0,0.0,0,0,0,0,0,0
1,2,41,0,271.52,0.19,51.59,323.11,111,776,1503,0,0,0,1,1,50,51.59,0.0,1,1,1,271.52,0,0,0,0,0,0
7,5,29,3,1311.45,0.2,262.29,1573.74,482,0,1043,0,3,1,0,1,50,262.29,0.0,1,0,0,0.0,0,0,0,0,0,0
7,1,28,0,3751.04,0.19,712.7,4463.74,235,945,0,0,0,1,0,1,100,712.7,0.0,1,0,0,0.0,0,0,0,0,0,0
0,3,49,2,1947.95,0.2,389.59,2337.54,955,0,0,0,2,1,1,1,100,389.59,0.0,1,1,1,1947.95,0,0,1,0,0,1
4,0,33,0,3367.2,0.05,168.36,3535.56,26,439,0,0,1,1,1,1,50,168.36,0.0,1,1,1,3367.2,0,0,0,0,0,0
7,5,26,1,1036.85,0.2,207.37,1244.22,0,813,0,0,3,1,0,1,50,207.37,0.0,0,0,0,0.0,0,0,0,0,0,0
6,2,29,0,4669.78,0.05,233.49,4903.27,0,670,32,0,0,0,1,1,50,233.49,0.0,1,1,1,4669.78,0,0,0,0,0,0
1,5,44,3,3671.54,0.07,288.03,3928.55,54,105,0,0,3,1,0,1,50,257.01,31.02,1,0,0,0.0,0,0,0,0,0,0
6,1,8,0,1787.85,0.2,357.57,2145.42,151,0,2152,0,0,1,0,1,100,357.57,0.0,1,0,0,0.0,0,0,0,0,0,0
1,4,0,0,3728.19,0.19,708.36,4436.55,0,646,0,0,1,1,1,1,50,708.36,0.0,1,0,0,0.0,0,0,0,0,0,1
4,2,0,0,1628.98,0.19,309.51,1938.49,136,620,1702,0,0,0,1,1,50,309.51,0.0,1,1,1,1628.98,0,0,0,0,0,0
7,2,27,0,414.63,0.05,20.73,435.36,410,226,0,0,0,0,1,1,50,20.73,0.0,1,1,1,414.63,0,0,0,0,0,0
2,4,25,0,2419.75,0.05,120.99,2540.74,401,265,0,0,1,1,1,1,50,120.99,0.0,1,0,0,0.0,0,0,0,0,0,0
4,1,29,0,710.42,0.21,149.19,859.61,13,0,2462,0,0,1,0,1,100,149.19,0.0,1,0,0,0.0,0,0,0,0,0,0
2,0,3,0,147.89,0.21,31.06,178.95,247,912,0,0,1,1,1,1,50,31.06,0.0,1,1,1,147.89,0,0,0,0,0,0
5,3,24,2,1493.23,0.2,298.65,1791.88,182,40,0,0,2,1,1,1,100,298.65,0.0,1,1,1,1493.23,0,0,0,0,0,0
1,2,46,0,3493.16,0.05,174.66,3667.82,568,0,0,0,0,0,1,1,50,174.66,0.0,1,1,1,3493.16,0,0,0,0,0,0
0,0,31,0,559.07,0.05,27.95,587.02,290,0,0,0,1,1,1,1,50,27.95,0.0,1,1,1,559.07,0,0,0,0,0,0
2,3,10,2,1762.88,0.07,123.4,1886.28,0,346,0,0,2,1,1,1,100,123.4,0.0,1,1,1,1762.88,0,0,0,0,0,0
3,4,28,0,3307.21,0.2,661.44,3968.65,1050,812,0,0,1,1,1,1,50,661.44,0.0,1,0,0,0.0,0,0,0,0,0,0
6,4,46,0,3483.14,0.2,696.63,4179.77,4,741,1157,0,1,1,1,1,50,696.63,0.0,1,0,0,0.0,0,0,0,0,0,0
6,2,24,0,4068.17,0.21,854.32,4922.49,777,989,0,0,0,0,1,1,50,854.32,0.0,1,1,1,4068.17,0,0,0,0,0,0
5,4,54,0,2721.15,0.05,136.06,2857.21,555,990,0,0,1,1,1,1,50,136.06,0.0,1,1,1,2721.15,0,0,0,0,0,0
6,0,1,0,1297.32,0.19,246.49,1543.81,746,654,2308,0,1,1,1,1,50,246.49,0.0,1,1,1,1297.32,0,0,0,0,0,0
2,2,29,0,2603.41,0.19,494.65,3098.06,448,787,0,0,0,0,1,1,50,494.65,0.0,1,1,1,2603.41,0,0,0,0,0,0
2,5,44,3,447.68,0.19,85.06,532.74,1118,401,437,0,3,1,0,1,50,85.06,0.0,1,0,0,0.0,0,0,0,0,0,0
1,3,20,2,2602.57,0.07,182.18,2784.75,1041,528,0,0,2,1,1,1,100,182.18,0.0,1,1,1,2602.57,0,0,0,0,0,0
5,3,9,2,4714.66,0.05,235.73,4950.39,1131,225,934,0,2,1,1,1,100,235.73,0.0,1,1,1,4714.66,0,0,0,0,0,0
4,5,44,3,2903.65,0.07,203.26,3106.91,460,962,0,0,3,1,0,1,50,203.26,0.0,1,0,0,0.0,0,0,0,0,0,0
3,5,7,3,309.41,0.07,21.66,331.07,657,471,0,0,3,1,0,1,50,21.66,0.0,1,0,0,0.0,0,0,0,0,0,0
1,5,0,3,4967.65,0.2,993.53,5961.18,758,0,142,0,3,1,0,1,50,993.53,0.0,1,1,1,4967.65,0,0,0,0,0,1
2,0,43,0,4258.93,0.21,894.38,5153.31,520,1021,1439,0,1,1,1,1,50,894.38,0.0,1,1,1,4258.93,0,0,0,0,0,0
3,4,24,0,3810.68,0.07,266.75,4077.43,698,843,0,0,1,1,1,1,50,266.75,0.0,1,1,1,3810.68,0,0,0,0,0,0
7,1,15,0,4099.77,0.21,860.95,4960.72,113,501,0,0,0,1,0,1,100,860.95,0.0,1,0,0,0.0,0,0,0,0,0,0
